Date,Portfolio_Value
2020-07-24,1.0
2020-07-27,1.0029015383549833
2020-07-28,0.996076713843409
2020-07-29,1.012147976276804
2020-07-30,1.0040801006689903
2020-07-31,0.9973774514671221
2020-08-03,1.0001155906922414
2020-08-04,1.0042895660593458
2020-08-05,1.0144086487590989
2020-08-06,1.0138307115114231
2020-08-07,1.0269701757034038
2020-08-10,1.0429936434789222
2020-08-11,1.0387303881651826
2020-08-12,1.0459599729603233
2020-08-13,1.039687844790863
2020-08-14,1.0439835666119242
2020-08-17,1.0454439025361657
2020-08-18,1.039049254088316
2020-08-19,1.0362501084113247
2020-08-20,1.0283101328669313
2020-08-21,1.026185747599541
2020-08-24,1.0449705407050571
2020-08-25,1.0451461534125217
2020-08-26,1.0424053206592703
2020-08-27,1.0466770527761304
2020-08-28,1.0568358240519355
2020-08-31,1.045194667201212
2020-09-01,1.0513390297201548
2020-09-02,1.0714679647581156
2020-09-03,1.0468884457921366
2020-09-04,1.046568876824904
2020-09-08,1.0214171496876354
2020-09-09,1.0325576538783625
2020-09-10,1.01632250993411
2020-09-11,1.0201214039084565
2020-09-14,1.0396353247403978
2020-09-15,1.0403011910152515
2020-09-16,1.0498219235753292
2020-09-17,1.0432497925674151
2020-09-18,1.0305175918595149
2020-09-21,1.0056353301131133
2020-09-22,1.0103651535328495
2020-09-23,0.9903636271313081
2020-09-24,0.9923040971417176
2020-09-25,1.0041471134287994
2020-09-28,1.0245263669260776
2020-09-29,1.0147092215638185
2020-09-30,1.0226823129778677
2020-10-01,1.027245767353046
2020-10-02,1.033778771594102
2020-10-05,1.057290594033002
2020-10-06,1.0431050810450968
2020-10-07,1.06438419945093
2020-10-08,1.0797884220813738
2020-10-09,1.082919757282955
2020-10-12,1.0916011381347752
2020-10-13,1.0784555086057073
2020-10-14,1.0725954196126264
2020-10-15,1.0731971031878733
2020-10-16,1.0741334001367402
2020-10-19,1.0594818373996113
2020-10-20,1.0652348794015818
2020-10-21,1.0628862186414074
2020-10-22,1.0732718364334664
2020-10-23,1.077011521462164
2020-10-26,1.0537098799129845
2020-10-27,1.0383412136169299
2020-10-28,1.0078830196837443
2020-10-29,1.0263318102084338
2020-10-30,1.0240220812262135
2020-11-02,1.0514764348281629
2020-11-03,1.0751206757663736
2020-11-04,1.0736727970473228
2020-11-05,1.0974173166804833
2020-11-06,1.0936808055136846
2020-11-09,1.1479059857908709
2020-11-10,1.15907049647852
2020-11-11,1.1516927098942868
2020-11-12,1.1370084670982037
2020-11-13,1.1638200883651824
2020-11-16,1.188787420310147
2020-11-17,1.186575789960917
2020-11-18,1.173959281760197
2020-11-19,1.1788555276765094
2020-11-20,1.1725045472567774
2020-11-23,1.1919514762070025
2020-11-24,1.2172970038586624
2020-11-25,1.207086451471114
2020-11-27,1.206680179840219
2020-11-30,1.1895474839354885
2020-12-01,1.2057582274612284
2020-12-02,1.209109050466005
2020-12-03,1.2142780569663394
2020-12-04,1.2312820461601521
2020-12-07,1.2287601911928367
2020-12-08,1.2309478213570928
2020-12-09,1.2302147088178201
2020-12-10,1.2258309037999353
2020-12-11,1.2166237516644576
2020-12-14,1.202551670582051
2020-12-15,1.2205650251611675
2020-12-16,1.2178911664063703
2020-12-17,1.2239551358144312
2020-12-18,1.214786067051061
2020-12-21,1.2120740981189797
2020-12-22,1.2078637432699155
2020-12-23,1.2168012274567823
2020-12-24,1.2206496461614735
2020-12-28,1.2241205067199383
2020-12-29,1.2180873039880933
2020-12-30,1.2295231411718004
2020-12-31,1.2381783359359575
2021-01-04,1.2189432421581625
2021-01-05,1.230792450433845
2021-01-06,1.26773141120525
2021-01-07,1.282439897431413
2021-01-08,1.2809389775659508
2021-01-11,1.2831236549586322
2021-01-12,1.2948408471748798
2021-01-13,1.2890336614012787
2021-01-14,1.3011826261600012
2021-01-15,1.28970621808403
2021-01-19,1.3054727367519698
2021-01-20,1.313250612207058
2021-01-21,1.3047545540661043
2021-01-22,1.3003978195286194
2021-01-25,1.2938455137936524
2021-01-26,1.281010906926955
2021-01-27,1.2454255655117081
2021-01-28,1.269460155861985
2021-01-29,1.2416733833302787
2021-02-01,1.2601188440698994
2021-02-02,1.2764017601116824
2021-02-03,1.2796959054584167
2021-02-04,1.2964560279077222
2021-02-05,1.3033347547933263
2021-02-08,1.3256686097407122
2021-02-09,1.324150977399477
2021-02-10,1.331202048168488
2021-02-11,1.3402151581794728
2021-02-12,1.3451669211788322
2021-02-16,1.3504956543173205
2021-02-17,1.3479162603050459
2021-02-18,1.3370820554638823
2021-02-19,1.3511546414421893
2021-02-22,1.354267647517308
2021-02-23,1.3600723895535665
2021-02-24,1.3869253269686692
2021-02-25,1.3510842832745935
2021-02-26,1.3433393176993627
2021-03-01,1.372793664764422
2021-03-02,1.360857694716674
2021-03-03,1.3522155740592874
2021-03-04,1.3335263263706347
2021-03-05,1.3654982048246245
2021-03-08,1.3746766447296461
2021-03-09,1.3771931577289496
2021-03-10,1.3868144004256995
2021-03-11,1.3994674254413983
2021-03-12,1.410852640214977
2021-03-15,1.4204570937450736
2021-03-16,1.4013715843627825
2021-03-17,1.4123450113058602
2021-03-18,1.3978831009262644
2021-03-19,1.3928604275168806
2021-03-22,1.387689484334353
2021-03-23,1.3635981836105877
2021-03-24,1.3642824984338322
2021-03-25,1.3814988501202576
2021-03-26,1.408509116903058
2021-03-29,1.396353834886166
2021-03-30,1.406059911148065
2021-03-31,1.402489430270369
2021-04-01,1.4189955903365692
2021-04-05,1.4395711468314751
2021-04-06,1.437192775318461
2021-04-07,1.434752900834021
2021-04-08,1.4387779618781604
2021-04-09,1.450702920650084
2021-04-12,1.45135834499733
2021-04-13,1.446883255606035
2021-04-14,1.4502406119675562
2021-04-15,1.4590248898844858
2021-04-16,1.4651625797678627
2021-04-19,1.454338271089469
2021-04-20,1.435751390996413
2021-04-21,1.4551977418706252
2021-04-22,1.4456946012843195
2021-04-23,1.4638454853852028
2021-04-26,1.4671238728005322
2021-04-27,1.4708134227428888
2021-04-28,1.4718669043897992
2021-04-29,1.4832266040468418
2021-04-30,1.4748080465499285
2021-05-03,1.4839545458791197
2021-05-04,1.4810916998918031
2021-05-05,1.48882870574118
2021-05-06,1.4997307316139086
2021-05-07,1.5188831934018932
2021-05-10,1.5072509079403635
2021-05-11,1.4900469211867773
2021-05-12,1.452238160663513
2021-05-13,1.4779900721565138
2021-05-14,1.5039805850031325
2021-05-17,1.5029564499250818
2021-05-18,1.4849322210090998
2021-05-19,1.4776705896336237
2021-05-20,1.4854822705249349
2021-05-21,1.4874083561853528
2021-05-24,1.4975461737803588
2021-05-25,1.4899829232001962
2021-05-26,1.4984581162630712
2021-05-27,1.5092877569175907
2021-05-28,1.5113467715416933
2021-06-01,1.5208915708637796
2021-06-02,1.5150459406019539
2021-06-03,1.5137322120782346
2021-06-04,1.5184022659463285
2021-06-07,1.5160084122303255
2021-06-08,1.5195946487136844
2021-06-09,1.50851319490103
2021-06-10,1.5072417413638393
2021-06-11,1.5126882664941266
2021-06-14,1.5065091072852068
2021-06-15,1.5092028031380453
2021-06-16,1.4995475278923704
2021-06-17,1.478130912439416
2021-06-18,1.4490531838336493
2021-06-21,1.4804810868478615
2021-06-22,1.4821738604201777
2021-06-23,1.48213237524593
2021-06-24,1.4967721334194193
2021-06-25,1.5030711434098587
2021-06-28,1.4931383423056432
2021-06-29,1.488398617710692
2021-06-30,1.4949161010644227
2021-07-01,1.4998814981889885
2021-07-02,1.5029349554132319
2021-07-06,1.4861276657486204
2021-07-07,1.4844451823327527
2021-07-08,1.4704552549196819
2021-07-09,1.498725450763856
2021-07-12,1.5073194908003629
2021-07-13,1.4921633033873236
2021-07-14,1.4890087719209508
2021-07-15,1.4855483702681251
2021-07-16,1.4692608617427203
2021-07-19,1.4406307179968987
2021-07-20,1.4720399013404952
2021-07-21,1.4953722607137374
2021-07-22,1.4859804139338544
2021-07-23,1.4984183043117036
2021-07-26,1.5076270126799436
2021-07-27,1.5034702198976373
2021-07-28,1.5067983461617058
2021-07-29,1.5181163177990202
2021-07-30,1.5195474125431032
2021-08-02,1.515068978384763
2021-08-03,1.5326780222103027
2021-08-04,1.5171742402040773
2021-08-05,1.5282043842416086
2021-08-06,1.5371661481740253
2021-08-09,1.5321268475701695
2021-08-10,1.5436181122859025
2021-08-11,1.5555248478630102
2021-08-12,1.555948324548923
2021-08-13,1.5520976032851768
2021-08-16,1.5509727308914396
2021-08-17,1.5344539240993411
2021-08-18,1.5199331707977757
2021-08-19,1.5128003048891272
2021-08-20,1.5209817205620186
2021-08-23,1.5371777527691042
2021-08-24,1.5462854720099928
2021-08-25,1.5594170164520886
2021-08-26,1.54607563680212
2021-08-27,1.5665884840829238
2021-08-30,1.5588261595115336
2021-08-31,1.558203702378373
2021-09-01,1.5541887619742132
2021-09-02,1.568975799808153
2021-09-03,1.564782143476586
2021-09-07,1.5501471230265593
2021-09-08,1.545264525692581
2021-09-09,1.5441727534650105
2021-09-10,1.5337516599896657
2021-09-13,1.5431965021479996
2021-09-14,1.531653786811843
2021-09-15,1.547375524559126
2021-09-16,1.5427836861426942
2021-09-17,1.5307369615880029
2021-09-20,1.50310564264861
2021-09-21,1.5005718955902698
2021-09-22,1.5221651051656828
2021-09-23,1.5483954632356982
2021-09-24,1.5477574251098873
2021-09-27,1.5545393432153278
2021-09-28,1.5296003975147139
2021-09-29,1.5314209697115502
2021-09-30,1.5045468579223256
2021-10-01,1.5246074470848074
2021-10-04,1.512688628748009
2021-10-05,1.523752993634762
2021-10-06,1.5207766905885358
2021-10-07,1.535924191307103
2021-10-08,1.5344584602175548
2021-10-11,1.5268046818140584
2021-10-12,1.5299823801383041
2021-10-13,1.531093844670751
2021-10-14,1.5607009096383542
2021-10-15,1.5676610905487067
2021-10-18,1.5682773031695088
2021-10-19,1.5711412956414057
2021-10-20,1.5827387783384406
2021-10-21,1.5839247328028947
2021-10-22,1.591031853845933
2021-10-25,1.599223658514077
2021-10-26,1.594115793351805
2021-10-27,1.5693956085852259
2021-10-28,1.5938316610375587
2021-10-29,1.589713356104386
2021-11-01,1.5961564850690124
2021-11-02,1.604886757581961
2021-11-03,1.6162288692464852
2021-11-04,1.6189832241971747
2021-11-05,1.634263169915933
2021-11-08,1.6371606736505881
2021-11-09,1.637326268459417
2021-11-10,1.6230021587299064
2021-11-11,1.6328663417561702
2021-11-12,1.6414581323517408
2021-11-15,1.6450396003114602
2021-11-16,1.6462178515758275
2021-11-17,1.6342233443669392
2021-11-18,1.6310129205101505
2021-11-19,1.6227295399290584
2021-11-22,1.6222426871014315
2021-11-23,1.6345646879979496
2021-11-24,1.6316471016978429
2021-11-26,1.5834968105991059
2021-11-29,1.5986690952850855
2021-11-30,1.5506262531263766
2021-12-01,1.533772313864788
2021-12-02,1.5726312787679264
2021-12-03,1.5609672017719172
2021-12-06,1.5871728870701989
2021-12-07,1.6182526745300672
2021-12-08,1.619255492168494
2021-12-09,1.6043779858643041
2021-12-10,1.6150215434874486
2021-12-13,1.5925058661098805
2021-12-14,1.5827819977570514
2021-12-15,1.6015853449389348
2021-12-16,1.5913865110018688
2021-12-17,1.567892554952494
2021-12-20,1.5429562026376038
2021-12-21,1.5783974634339324
2021-12-22,1.5896772445416214
2021-12-23,1.6021849378939188
2021-12-27,1.6259175013039249
2021-12-28,1.625789214233706
2021-12-29,1.6314822260488335
2021-12-30,1.6269337003087774
2021-12-31,1.629348053392402
2022-01-03,1.6327347142308988
2022-01-04,1.651395640183278
2022-01-05,1.6216846831007368
2022-01-06,1.6297152962406543
2022-01-07,1.6226154877992662
2022-01-10,1.6127743427987604
2022-01-11,1.630544089632043
2022-01-12,1.6343512260348825
2022-01-13,1.628516499007188
2022-01-14,1.6294543890519941
2022-01-18,1.5992163587260264
2022-01-19,1.576670569765437
2022-01-20,1.5574641152179771
2022-01-21,1.534102453058393
2022-01-24,1.5501091703728196
2022-01-25,1.5321497780336026
2022-01-26,1.5246449851698611
2022-01-27,1.5140520536805882
2022-01-28,1.5348605966515183
2022-01-31,1.5590353263505503
2022-02-01,1.5736425478878857
2022-02-02,1.5887404876276443
2022-02-03,1.5630421659226428
2022-02-04,1.5585658326560945
2022-02-07,1.554751982600016
2022-02-08,1.5684238847108878
2022-02-09,1.5977497436265695
2022-02-10,1.576513048850688
2022-02-11,1.5525468894788357
2022-02-14,1.5404668905395675
2022-02-15,1.5726998962598615
2022-02-16,1.5834561912651106
2022-02-17,1.5478705497961482
2022-02-18,1.542717340744048
2022-02-22,1.5253793640477349
2022-02-23,1.4991540473489247
2022-02-24,1.5154131286943024
2022-02-25,1.554089260088417
2022-02-28,1.5462723343029967
2022-03-01,1.5129076450642143
2022-03-02,1.553389435890401
2022-03-03,1.5527113400143941
2022-03-04,1.5338865996880195
2022-03-07,1.4800287993822905
2022-03-08,1.4863333301285768
2022-03-09,1.5275601861085786
2022-03-10,1.5284381688526563
2022-03-11,1.51110956893106
2022-03-14,1.5070677073629009
2022-03-15,1.5312534809053024
2022-03-16,1.562731626201021
2022-03-17,1.5831094185524934
2022-03-18,1.5928329481007364
2022-03-21,1.5879642293986
2022-03-22,1.6013856191350884
2022-03-23,1.5805426277854329
2022-03-24,1.60318433379978
2022-03-25,1.6168633289093433
2022-03-28,1.6182557342682482
2022-03-29,1.644381675836862
2022-03-30,1.6287348289909025
2022-03-31,1.6038986088540474
2022-04-01,1.6053216454629262
2022-04-04,1.6086895429757557
2022-04-05,1.5867113893932323
2022-04-06,1.5810350653935399
2022-04-07,1.5868565183620265
2022-04-08,1.5926863429328841
2022-04-11,1.5769273284168444
2022-04-12,1.57534094276526
2022-04-13,1.593788873335223
2022-04-14,1.5853329963744542
2022-04-18,1.5889309459971235
2022-04-19,1.6173206300651257
2022-04-20,1.6246549740834995
2022-04-21,1.5972523544436847
2022-04-22,1.551355287168277
2022-04-25,1.5540964048368953
2022-04-26,1.5180995106631616
2022-04-27,1.5185165987409464
2022-04-28,1.551793256415737
2022-04-29,1.5009147957445443
2022-05-02,1.5021339533565625
2022-05-03,1.5168067729500543
2022-05-04,1.5590348544594868
2022-05-05,1.5096684403268075
2022-05-06,1.500125545244613
2022-05-09,1.448013814085615
2022-05-10,1.443770942178389
2022-05-11,1.4310286231627254
2022-05-12,1.4384173290240798
2022-05-13,1.4725908115228021
2022-05-16,1.4687849146259273
2022-05-17,1.498918745315515
2022-05-18,1.4363885335962066
2022-05-19,1.4309038713272217
2022-05-20,1.4272716667449183
2022-05-23,1.45496415226484
2022-05-24,1.4439452910406634
2022-05-25,1.467450120370357
2022-05-26,1.502941060902997
2022-05-27,1.5417408224555695
2022-05-31,1.524453968928099
2022-06-01,1.5114061174986286
2022-06-02,1.5399911086072338
2022-06-03,1.526809754793641
2022-06-06,1.5320456495428014
2022-06-07,1.550357360879582
2022-06-08,1.5312293315207974
2022-06-09,1.4975154238641386
2022-06-10,1.4520900806760053
2022-06-13,1.3951777058880288
2022-06-14,1.390972146914666
2022-06-15,1.406694057585651
2022-06-16,1.351424266097306
2022-06-17,1.3543684216381193
2022-06-21,1.3765954354042078
2022-06-22,1.3689129358124186
2022-06-23,1.3750821870255767
2022-06-24,1.4198792264231934
2022-06-27,1.4175019843079577
2022-06-28,1.3997251288446215
2022-06-29,1.385409459598125
2022-06-30,1.3782414568069674
2022-07-01,1.3880922171512995
2022-07-05,1.3821626522748645
2022-07-06,1.3788443839511153
2022-07-07,1.4060092027949196
2022-07-08,1.4002267396038799
2022-07-11,1.3899056263887362
2022-07-12,1.379853748758893
2022-07-13,1.3713735453207336
2022-07-14,1.3604466429928734
2022-07-15,1.3832551857190456
2022-07-18,1.3786741353531908
2022-07-19,1.4211161534687546
2022-07-20,1.4289717141340046
2022-07-21,1.4381671793945376
2022-07-22,1.428830404668085
2022-07-25,1.4375083826477781
2022-07-26,1.423220221804105
2022-07-27,1.4526612466054567
2022-07-28,1.4736292340339587
2022-07-29,1.4866284835082468
2022-08-01,1.4808544153168857
2022-08-02,1.4700262141145557
2022-08-03,1.4818980870398182
2022-08-04,1.4729405490643634
2022-08-05,1.4799740019206038
2022-08-08,1.48442210153804
2022-08-09,1.4744394835788923
2022-08-10,1.5102336029395156
2022-08-11,1.5219385643885939
2022-08-12,1.5449560503516055
2022-08-15,1.5466686398035652
2022-08-16,1.5530166522389943
2022-08-17,1.5408618053671088
2022-08-18,1.5477729946281364
2022-08-19,1.5281319931246284
2022-08-22,1.497656103650379
2022-08-23,1.4984248331539627
2022-08-24,1.509714299165729
2022-08-25,1.533337350837514
2022-08-26,1.4875982813050521
2022-08-29,1.4807027819762213
2022-08-30,1.4630043041119847
2022-08-31,1.4531727389119125
2022-09-01,1.4541074109899792
2022-09-02,1.4461385346994737
2022-09-06,1.4399497920126443
2022-09-07,1.472012650108858
2022-09-08,1.4851319851598943
2022-09-09,1.509118173306495
2022-09-12,1.5233488855292108
2022-09-13,1.4627797117399366
2022-09-14,1.4691411824561675
2022-09-15,1.4556434500941
2022-09-16,1.4406452380315806
2022-09-19,1.4526125167307888
2022-09-20,1.4295029824015604
2022-09-21,1.4043312534791066
2022-09-22,1.3839992926517624
2022-09-23,1.3530004076766795
2022-09-26,1.329395804058576
2022-09-27,1.3299976633286126
2022-09-28,1.3667200377425188
2022-09-29,1.3415322747706824
2022-09-30,1.324558063558098
2022-10-03,1.3662001146996938
2022-10-04,1.4120855471154437
2022-10-05,1.407978709680252
2022-10-06,1.395163867528847
2022-10-07,1.3611092770386162
2022-10-10,1.351547015269156
2022-10-11,1.347558592062438
2022-10-12,1.3392740762223463
2022-10-13,1.3724519063727048
2022-10-14,1.335259904374011
2022-10-17,1.365259589980088
2022-10-18,1.3841347966208626
2022-10-19,1.3728699178797734
2022-10-20,1.3582712164090893
2022-10-21,1.392517416667845
2022-10-24,1.4086183853866479
2022-10-25,1.4405531260693518
2022-10-26,1.4384154991954006
2022-10-27,1.4433574813233345
2022-10-28,1.4690982727196742
2022-10-31,1.4666883995175555
2022-11-01,1.4666435262555688
2022-11-02,1.4307637121734476
2022-11-03,1.4348935335721056
2022-11-04,1.4600224155638348
2022-11-07,1.4709843418584656
2022-11-08,1.4794278504073475
2022-11-09,1.4493053638664906
2022-11-10,1.522029498758793
2022-11-11,1.5367534546358566
2022-11-14,1.5155214720789967
2022-11-15,1.5294477299132978
2022-11-16,1.5115895592675368
2022-11-17,1.5090964488650278
2022-11-18,1.5211549816090046
2022-11-21,1.5178511043413643
2022-11-22,1.5397942993534364
2022-11-23,1.54318967323367
2022-11-25,1.5482364656210377
2022-11-28,1.523024385785245
2022-11-29,1.5310073030157934
2022-11-30,1.566894211258055
2022-12-01,1.5672671422254179
2022-12-02,1.5685778039542622
2022-12-05,1.537553228765352
2022-12-06,1.5252685298509363
2022-12-07,1.523339695971474
2022-12-08,1.5356917196461832
2022-12-09,1.5197966821013174
2022-12-12,1.546842320811227
2022-12-13,1.5593123360043113
2022-12-14,1.5474558402297671
2022-12-15,1.5109934174316673
2022-12-16,1.4937344169068911
2022-12-19,1.4827420716733644
2022-12-20,1.4874446423432583
2022-12-21,1.5119248197862638
2022-12-22,1.492997487247959
2022-12-23,1.506452444927016
2022-12-27,1.5103054406381828
2022-12-28,1.4886425912403907
2022-12-29,1.5126088336717112
2022-12-30,1.5107578092457403
2023-01-03,1.5073282548476832
2023-01-04,1.5207006224776376
2023-01-05,1.5042625583270488
2023-01-06,1.5423976867551572
2023-01-09,1.538445119599613
2023-01-10,1.5470605917433984
2023-01-11,1.565444351744306
2023-01-12,1.5755074557618638
2023-01-13,1.5793268298904053
2023-01-17,1.5737154230009334
2023-01-18,1.5516785568005025
2023-01-19,1.5354411427583994
2023-01-20,1.5622105015162846
2023-01-23,1.581459140301078
2023-01-24,1.5783032826608037
2023-01-25,1.581223440130592
2023-01-26,1.6001815969593973
2023-01-27,1.6006745498061639
2023-01-30,1.5857741309956548
2023-01-31,1.614869212349983
2023-02-01,1.6273817747545438
2023-02-02,1.6323574197005633
2023-02-03,1.616009096818088
2023-02-06,1.6042554593974188
2023-02-07,1.6266855361998163
2023-02-08,1.6081674429598725
2023-02-09,1.5977584134684957
2023-02-10,1.6022803637390062
2023-02-13,1.619494029802354
2023-02-14,1.6137801379122607
2023-02-15,1.6211380997128797
2023-02-16,1.6010386638401513
2023-02-17,1.595131725576778
2023-02-21,1.5612211515457537
2023-02-22,1.5632543583653526
2023-02-23,1.5718203432637805
2023-02-24,1.5629389206819513
2023-02-27,1.567148871529191
2023-02-28,1.562028888679765
2023-03-01,1.5598427014767922
2023-03-02,1.5726455051216843
2023-03-03,1.5933970850794437
2023-03-06,1.586003947514733
2023-03-07,1.5632962682887397
2023-03-08,1.5651984753665338
2023-03-09,1.530534812129606
2023-03-10,1.501619619754536
2023-03-13,1.4807900735169126
2023-03-14,1.5014150836419322
2023-03-15,1.4717807488814536
2023-03-16,1.4958647414406552
2023-03-17,1.4671559244262817
2023-03-20,1.4869355949132708
2023-03-21,1.5111951182953387
2023-03-22,1.481230874999472
2023-03-23,1.4778972264544963
2023-03-24,1.4843183871140035
2023-03-27,1.4918338568706968
2023-03-28,1.4996438390754847
2023-03-29,1.520512804940482
2023-03-30,1.5292459141891552
2023-03-31,1.5519284633219488
2023-04-03,1.557402762659453
2023-04-04,1.5372861462249157
2023-04-05,1.5267689033287766
2023-04-06,1.5274182146447286
2023-04-10,1.5381181535215542
2023-04-11,1.5448688477600645
2023-04-12,1.5401049114118632
2023-04-13,1.5525736393033984
2023-04-14,1.5493456724483434
2023-04-17,1.5554480911469253
2023-04-18,1.5593763995442804
2023-04-19,1.561086579894678
2023-04-20,1.5558273764448243
2023-04-21,1.5516322576053807
2023-04-24,1.5600682371666303
2023-04-25,1.5326045482645583
2023-04-26,1.5161114446795148
2023-04-27,1.5450068195184183
2023-04-28,1.5606069585467546
2023-05-01,1.5590340411736505
2023-05-02,1.5367618532609795
2023-05-03,1.528732087119225
2023-05-04,1.5111142619125786
2023-05-05,1.541917438575404
2023-05-08,1.5393996894091813
2023-05-09,1.536849262350666
2023-05-10,1.5349476730164981
2023-05-11,1.5347951703619014
2023-05-12,1.535882598921047
2023-05-15,1.5482838554219907
2023-05-16,1.5294210039029357
2023-05-17,1.5520762532254622
2023-05-18,1.569660675801608
2023-05-19,1.5644488390298563
2023-05-22,1.5619673661873528
2023-05-23,1.5437554739556294
2023-05-24,1.5251852317283525
2023-05-25,1.533590396608142
2023-05-26,1.540812971583959
2023-05-30,1.5364675655434334
2023-05-31,1.5207144097145582
2023-06-01,1.531264409420265
2023-06-02,1.5741412404969601
2023-06-05,1.5683392881398541
2023-06-06,1.5828269282072225
2023-06-07,1.5939320152029184
2023-06-08,1.5968336632475941
2023-06-09,1.5935104367753465
2023-06-12,1.5989949915261679
2023-06-13,1.61507918848984
2023-06-14,1.6116101962227574
2023-06-15,1.6268269398869686
2023-06-16,1.6192536795658838
2023-06-20,1.6085091632436306
2023-06-21,1.6105545892386954
2023-06-22,1.6064511157444314
2023-06-23,1.5945995203780154
2023-06-26,1.6058107912512414
2023-06-27,1.6272565121610107
2023-06-28,1.6240845399616486
2023-06-29,1.6358581566972261
2023-06-30,1.6501065185184165
2023-07-03,1.6549600597986545
2023-07-05,1.6455733643342219
2023-07-06,1.6309207354777562
2023-07-07,1.63554846053886
2023-07-10,1.65314103404934
2023-07-11,1.6698354841412237
2023-07-12,1.6744995603141906
2023-07-13,1.6854665073183872
2023-07-14,1.6756358688087698
2023-07-17,1.6818602047138977
2023-07-18,1.694056377676155
2023-07-19,1.6946080095951581
2023-07-20,1.6912398538011106
2023-07-21,1.6951572472222454
2023-07-24,1.7004164269768822
2023-07-25,1.7009100434856255
2023-07-26,1.701734299346568
2023-07-27,1.700690982191282
2023-07-28,1.7168098557799358
2023-07-31,1.7239402214177102
2023-08-01,1.7228550245183847
2023-08-02,1.707647013629394
2023-08-03,1.6995678882971668
2023-08-04,1.6961535933705134
2023-08-07,1.71936687056668
2023-08-08,1.7203745387761193
2023-08-09,1.7160497672836523
2023-08-10,1.70250559345044
2023-08-11,1.701395034309081
2023-08-14,1.7066268340978883
2023-08-15,1.6884450574586205
2023-08-16,1.6762355393730755
2023-08-17,1.662251793452575
2023-08-18,1.6698708137199403
2023-08-21,1.6708392886159467
2023-08-22,1.6619499679124192
2023-08-23,1.677307777129896
2023-08-24,1.6583275788237426
2023-08-25,1.666373791465016
2023-08-28,1.6798095250563743
2023-08-29,1.6978870947493274
2023-08-30,1.7019132480423538
2023-08-31,1.6990741240037737
2023-09-01,1.7106583927464223
2023-09-05,1.6936259778537819
2023-09-06,1.6898687574900055
2023-09-07,1.684470511977408
2023-09-08,1.6865333768595092
2023-09-11,1.6880179939369082
2023-09-12,1.6870194996375716
2023-09-13,1.672762857567057
2023-09-14,1.6864363544103
2023-09-15,1.6692850501602803
2023-09-18,1.667869563296436
2023-09-19,1.6636102968796849
2023-09-20,1.655728143793604
2023-09-21,1.6223559273872783
2023-09-22,1.6188119070130649
2023-09-25,1.6265151223988075
2023-09-26,1.6029106710507894
2023-09-27,1.6100477916161253
2023-09-28,1.620096618328228
2023-09-29,1.6099202387812055
2023-10-02,1.5887214869629631
2023-10-03,1.5677273942332928
2023-10-04,1.577262462180017
2023-10-05,1.5710371222317225
2023-10-06,1.5923886937550615
2023-10-09,1.6033124172804591
2023-10-10,1.6175476861271092
2023-10-11,1.6259099748389139
2023-10-12,1.6160102284747306
2023-10-13,1.6064731333650544
2023-10-16,1.6279900100211344
2023-10-17,1.6365083877345452
2023-10-18,1.6092753411389935
2023-10-19,1.5882745299681944
2023-10-20,1.5630341160958336
2023-10-23,1.555828825436485
2023-10-24,1.569039333235728
2023-10-25,1.5507918124016562
2023-10-26,1.5514935767942626
2023-10-27,1.5353564283488772
2023-10-30,1.5480566062427001
2023-10-31,1.5599665908422737
2023-11-01,1.563672962455051
2023-11-02,1.6050780250689403
2023-11-03,1.6188315160411295
2023-11-06,1.6155652159499774
2023-11-07,1.6080162575450876
2023-11-08,1.6115750982252166
2023-11-09,1.6009902562017357
2023-11-10,1.6251856448334423
2023-11-13,1.628823552340556
2023-11-14,1.6688165580540766
2023-11-15,1.6700768326771263
2023-11-16,1.6614275502863416
2023-11-17,1.6725464279114446
2023-11-20,1.6809605363963853
2023-11-21,1.6758618877869134
2023-11-22,1.6831490141830137
2023-11-24,1.687907641796913
2023-11-27,1.6858514743885435
2023-11-28,1.67963243660885
2023-11-29,1.6854076651291585
2023-11-30,1.6973626747298145
2023-12-01,1.7217867002831722
2023-12-04,1.7204805896176099
2023-12-05,1.704848738344042
2023-12-06,1.704097472628308
2023-12-07,1.7169502089422028
2023-12-08,1.7281963890027823
2023-12-11,1.7499258252240915
2023-12-12,1.7554859664627556
2023-12-13,1.791614124985767
2023-12-14,1.811501683954922
2023-12-15,1.8034953070818622
2023-12-18,1.8066002025322223
2023-12-19,1.8182510370234215
2023-12-20,1.7890732120424344
2023-12-21,1.8070551793420329
2023-12-22,1.8113871103940178
2023-12-26,1.8265929493743884
2023-12-27,1.829527578720846
2023-12-28,1.8294453514250246
2023-12-29,1.8251726349571142
2024-01-02,1.8203361396162183
2024-01-03,1.796182208538297
2024-01-04,1.7900732101256684
2024-01-05,1.7961532223867782
2024-01-08,1.8175027651677806
2024-01-09,1.8089338443575882
2024-01-10,1.8104380563923816
2024-01-11,1.8098023975554787
2024-01-12,1.8080397592413122
2024-01-16,1.7962742759034551
2024-01-17,1.7831685733293619
2024-01-18,1.797910800729097
2024-01-19,1.8183206570361872
2024-01-22,1.8273632090338823
2024-01-23,1.819725300087172
2024-01-24,1.8189648491298835
2024-01-25,1.8432351802002425
2024-01-26,1.8395838319825537
2024-01-29,1.8526733560956374
2024-01-30,1.8535585459327588
2024-01-31,1.8266912270091176
2024-02-01,1.8466796259270952
2024-02-02,1.8533530178741584
2024-02-05,1.8441998489244995
2024-02-06,1.853031856678199
2024-02-07,1.8634345091043325
2024-02-08,1.8758892466166963
2024-02-09,1.8867047984535545
2024-02-12,1.8980814767422407
2024-02-13,1.8726235110662333
2024-02-14,1.8969282983590279
2024-02-15,1.9133932760279195
2024-02-16,1.9134885648237172
2024-02-20,1.9043107520321156
2024-02-21,1.9103635287593828
2024-02-22,1.9438634452465846
2024-02-23,1.9437747651200612
2024-02-26,1.9396703593814295
2024-02-27,1.9492017094654022
2024-02-28,1.9495534940331976
2024-02-29,1.95834677940571
2024-03-01,1.9734779012049248
2024-03-04,1.981434664875089
2024-03-05,1.972292671521796
2024-03-06,1.9834507677436055
2024-03-07,1.9971374059091305
2024-03-08,1.9878770792079847
2024-03-11,1.9812826182578365
2024-03-12,1.9958059971452409
2024-03-13,2.0003277613083688
2024-03-14,1.9910479143943804
2024-03-15,1.9829003637276088
2024-03-18,1.9931776051522059
2024-03-19,2.0056224573162633
2024-03-20,2.027019740384356
2024-03-21,2.0462671401031813
2024-03-22,2.0342435977793967
2024-03-25,2.0273229839954636
2024-03-26,2.026552675308373
2024-03-27,2.053124902004746
2024-03-28,2.063817684198054
2024-04-01,2.055765943151091
2024-04-02,2.035715365876573
2024-04-03,2.0352355124175037
2024-04-04,2.010305838035376
2024-04-05,2.0328221055294082
2024-04-08,2.0348790691302074
2024-04-09,2.0285594033672867
2024-04-10,2.0052353226451483
2024-04-11,2.0066227091027717
2024-04-12,1.9795216794319506
2024-04-15,1.9600154591428551
2024-04-16,1.9514035831526177
2024-04-17,1.9378638100143644
2024-04-18,1.9372433652591023
2024-04-19,1.9348281307664885
2024-04-22,1.9524776242479314
2024-04-23,1.977246774865435
2024-04-24,1.9795398966750433
2024-04-25,1.9732181752812659
2024-04-26,1.9863294079497036
2024-04-29,1.9981920866661858
2024-04-30,1.969405155526239
2024-05-01,1.9590133122854287
2024-05-02,1.9599657707949125
2024-05-03,1.970076677166289
2024-05-06,1.9995678553554455
2024-05-07,2.0021363893010995
2024-05-08,1.9995552146437765
2024-05-09,2.019374024942939
2024-05-10,2.0227080774097232
2024-05-13,2.015265678327521
2024-05-14,2.022407122194225
2024-05-15,2.0500182161902427
2024-05-16,2.035045977102527
2024-05-17,2.0389093643134517
2024-05-20,2.045031028431084
2024-05-21,2.0497982163171966
2024-05-22,2.0386617688606052
2024-05-23,2.020575899513478
2024-05-24,2.036103159919936
2024-05-28,2.0204075954599223
2024-05-29,2.002085891372448
2024-05-30,2.0075692329699146
2024-05-31,2.0306477149698825
2024-06-03,2.0180918262353233
2024-06-04,2.0084192813739095
2024-06-05,2.0283376738067744
2024-06-06,2.0169595565246774
2024-06-07,2.0189355947153502
2024-06-10,2.0371251549342
2024-06-11,2.0265727028596645
2024-06-12,2.0460407228207593
2024-06-13,2.0433787736692115
2024-06-14,2.027273919049696
2024-06-17,2.048112013351341
2024-06-18,2.0580624718618723
2024-06-20,2.047741403725278
2024-06-21,2.051571648287557
2024-06-24,2.062455907566962
2024-06-25,2.056091093434075
2024-06-26,2.044372544077205
2024-06-27,2.049123577712442
2024-06-28,2.053025015078805
2024-07-01,2.0415995765142503
2024-07-02,2.0461104016280403
2024-07-03,2.0486937394093285
2024-07-05,2.0469891764349066
2024-07-08,2.0585008813505303
2024-07-09,2.0577041331017276
2024-07-10,2.0803831109059
2024-07-11,2.096367699345467
2024-07-12,2.112873305120902
2024-07-15,2.114479368490717
2024-07-16,2.1469353030005216
2024-07-17,2.112280640676586
2024-07-18,2.101702254614538
2024-07-19,2.0821000510563556
2024-07-22,2.1122373372933057
2024-07-23,2.1036021909336506
2024-07-24,2.0577367229291954
2024-07-25,2.0627967817886295
2024-07-26,2.093891446423986
2024-07-29,2.095766439881807
2024-07-30,2.088440165371106
2024-07-31,2.1171802445684627
2024-08-01,2.08732280284906
2024-08-02,2.020018616567286
2024-08-05,1.9745946344085268
2024-08-06,1.996334605867135
2024-08-07,1.976537890151886
2024-08-08,2.035369907558591
2024-08-09,2.0452876432556586
2024-08-12,2.0366075886869615
2024-08-13,2.065783814520181
2024-08-14,2.0723063204999317
2024-08-15,2.109109998824764
2024-08-16,2.1113750309278623
2024-08-19,2.1244513110682055
2024-08-20,2.1176585130639425
2024-08-21,2.1386745545071224
2024-08-22,2.127747009447844
2024-08-23,2.156160174356855
2024-08-26,2.1490549052611683
2024-08-27,2.14689591595315
2024-08-28,2.1409211660706764
2024-08-29,2.150739031104595
2024-08-30,2.1716189996253283
2024-09-03,2.123542465346526
2024-09-04,2.1193361047612416
2024-09-05,2.098409880794777
2024-09-06,2.070529936531081
2024-09-09,2.0919359188205013
2024-09-10,2.0868484633280775
2024-09-11,2.100236012741424
2024-09-12,2.1170159373027557
2024-09-13,2.1376225980746226
2024-09-16,2.1502644715677066
2024-09-17,2.155507326165403
2024-09-18,2.1504957441313026
2024-09-19,2.1916284315808507
2024-09-20,2.1846952104785893
2024-09-23,2.1932008791173625
2024-09-24,2.196750073919114
2024-09-25,2.1873571193100383
2024-09-26,2.1974277444507266
2024-09-27,2.1983741604765656
2024-09-30,2.1972814056472654
2024-10-01,2.182058952786388
2024-10-02,2.1819629027887077
2024-10-03,2.172696530767808
2024-10-04,2.1968415661347045
2024-10-07,2.181961142056082
2024-10-08,2.188618615371213
2024-10-09,2.20507638649817
2024-10-10,2.197026912135558
2024-10-11,2.2225198374291955
2024-10-14,2.24087065837952
2024-10-15,2.212176908252199
2024-10-16,2.2241474871274183
2024-10-17,2.224105206284613
2024-10-18,2.224602354850204
2024-10-21,2.2096001030900565
2024-10-22,2.2071450264525403
2024-10-23,2.1988953918144403
2024-10-24,2.2025077817706538
2024-10-25,2.2091334897417947
2024-10-28,2.2199903166912507
2024-10-29,2.215011180280636
2024-10-30,2.206832664499785
2024-10-31,2.175198368339601
2024-11-01,2.1729025857985866
2024-11-04,2.171721550875549
2024-11-05,2.206824244293096
2024-11-06,2.2637814747837446
2024-11-07,2.273644536435607
2024-11-08,2.2944967216596703
2024-11-11,2.3054801511103524
2024-11-12,2.291479996116175
2024-11-13,2.2861616714489896
2024-11-14,2.277339097024186
2024-11-15,2.255772483569029
2024-11-18,2.259512167733524
2024-11-19,2.2462586523493346
2024-11-20,2.247115177623771
2024-11-21,2.2794373183468433
2024-11-22,2.2978024987819534
2024-11-25,2.322569213175222
2024-11-26,2.3289715780998024
2024-11-27,2.3248893369149854
2024-11-29,2.338302043169833
2024-12-02,2.3330233622373933
2024-12-03,2.32321610242515
2024-12-04,2.3246875334157675
2024-12-05,2.313478976298292
2024-12-06,2.3113962875032352
2024-12-09,2.290116753314332
2024-12-10,2.2723512687226437
2024-12-11,2.2897414484537753
2024-12-12,2.280102164763283
2024-12-13,2.2761647882335234
2024-12-16,2.272998609108209
2024-12-17,2.2520217980405426
2024-12-18,2.1849598656850184
2024-12-19,2.174710852523278
2024-12-20,2.2071498090406507
2024-12-23,2.2165171237727397
2024-12-24,2.2353739127966654
2024-12-26,2.2402824574055535
2024-12-27,2.2208078941174234
2024-12-30,2.1987802944182113
2024-12-31,2.196418847386595
2025-01-02,2.189099249168656
2025-01-03,2.216419830131033
2025-01-06,2.2185897156132275
2025-01-07,2.2080031930629183
2025-01-08,2.2097695240566417
2025-01-10,2.186179421075935
2025-01-13,2.205061812603412
2025-01-14,2.2233743358344347
2025-01-15,2.2478519616442036
2025-01-16,2.268112261689884
2025-01-17,2.2778718302726593
2025-01-21,2.318045918084005
2025-01-22,2.311915357125875
2025-01-23,2.3150106251804448
2025-01-24,2.3161927872003476
2025-01-27,2.273044474863388
2025-01-28,2.263752129021086
2025-01-29,2.2625400129721496
2025-01-30,2.295155545161771
2025-01-31,2.2840444249054994
2025-02-03,2.267838258521983
2025-02-04,2.2759987248443507
2025-02-05,2.2862821989378377
2025-02-06,2.3125279891681565
2025-02-07,2.2922112366369305
2025-02-10,2.292484791811265
2025-02-11,2.294289327822771
2025-02-12,2.2801995445514995
2025-02-13,2.2922713365549803
2025-02-14,2.2836346540460717
2025-02-18,2.300044495465272
2025-02-19,2.311230270901638
2025-02-20,2.294002361311085
2025-02-21,2.2518335280953576
2025-02-24,2.242343301413239
2025-02-25,2.247788670659076
2025-02-26,2.2617325434246105
2025-02-27,2.2333447813542397
2025-02-28,2.2639710237055484
2025-03-03,2.231140159977097
2025-03-04,2.191461338441158
2025-03-05,2.216632088151175
2025-03-06,2.179267611391136
2025-03-07,2.1870339083281194
2025-03-10,2.137474083332904
2025-03-11,2.1247775301456806
2025-03-12,2.1280769377346886
2025-03-13,2.101820717475105
2025-03-14,2.1524721568678125
2025-03-17,2.176127519612871
2025-03-18,2.161029508128601
2025-03-19,2.1894692952966954
2025-03-20,2.1842039427588547
2025-03-21,2.1750281884676177
2025-03-24,2.221589703916995
2025-03-25,2.218129510316319
2025-03-26,2.1961284347730174
2025-03-27,2.1839217218227875
2025-03-28,2.1475738931510877
2025-03-31,2.164844049301757
2025-04-01,2.175881242268385
2025-04-02,2.1979844287903725
2025-04-03,2.086126619524241
2025-04-04,1.9640831204074591
2025-04-07,1.9552567465272703
2025-04-08,1.925759501945018
2025-04-09,2.0885994897662963
2025-04-10,2.0216229944836015
2025-04-11,2.0475826893946505
2025-04-14,2.075209017669227
2025-04-15,2.0701108291684185
2025-04-16,2.037076792147923
2025-04-17,2.061560671579889
2025-04-21,2.0174961008748804
2025-04-22,2.064847082886096
2025-04-23,2.092218163290356
2025-04-24,2.146698338150568
2025-04-25,2.1467308751551437
2025-04-28,2.1525946325654153
2025-04-29,2.162906364675025
2025-04-30,2.1739228759159737
2025-05-01,2.171433750723809
2025-05-02,2.209896355818948
2025-05-05,2.2042516807804566
2025-05-06,2.182530958288778
2025-05-07,2.195729657900914
2025-05-08,2.210251915102422
2025-05-09,2.2091261526371047
2025-05-12,2.278220970606018
2025-05-13,2.288991855901887
2025-05-14,2.2702914528837828
2025-05-15,2.288073332985016
2025-05-16,2.3095461124662737
2025-05-19,2.3092976227385362
2025-05-20,2.3041408085042736
2025-05-21,2.2586338582148615
2025-05-22,2.247285479581906
2025-05-23,2.2406897393148935
2025-05-27,2.2903539720646546
2025-05-28,2.2719616688568145
2025-05-29,2.276060688856097
2025-05-30,2.2812332484194355
2025-06-02,2.2834047172937946
2025-06-03,2.301960108744866
2025-06-04,2.2985588897148803
2025-06-05,2.2990819317579017
2025-06-06,2.322219625620006
2025-06-09,2.322338264827569
2025-06-10,2.337537616268845
2025-06-11,2.3414161868134835
2025-06-12,2.3483779052883937
2025-06-13,2.3187015918263083
2025-06-16,2.3452159596387343
2025-06-17,2.325947851772695
2025-06-18,2.3254985157473906
2025-06-20,2.3249232602492422
2025-06-23,2.3462595154275063
2025-06-24,2.374649763148717
2025-06-25,2.3615709715429647
2025-06-26,2.3866885138395237
2025-06-27,2.397039922193907
2025-06-30,2.4071135238977157
2025-07-01,2.4194408917013033
2025-07-02,2.427468205483817
2025-07-03,2.4505008311859022
2025-07-07,2.439507555507165
2025-07-08,2.440301944917928
2025-07-09,2.452931602519608
2025-07-10,2.4672546088346174
2025-07-11,2.4634277872093984
2025-07-14,2.474258635387443
2025-07-15,2.448839338958171
2025-07-16,2.4579901659473595
2025-07-17,2.4768485814174523
2025-07-18,2.4839692879371693
2025-07-21,2.480644013713763
2025-07-22,2.4873400989624157
2025-07-23,2.515434533166315
2025-07-24,2.51932290496173
2025-07-25,2.5365029787848674
2025-07-28,2.5321498626610808
2025-07-29,2.515983051446894
2025-07-30,2.5069229909785005
2025-07-31,2.4756951360810078
2025-08-01,2.451819325676037
2025-08-04,2.489169578254078
2025-08-05,2.470914655078469
2025-08-06,2.4742653189924466
2025-08-07,2.4542731763161396
2025-08-08,2.4625828573455304
2025-08-11,2.4548092829084736
2025-08-12,2.4958571270831005
2025-08-13,2.5181085488968145
2025-08-14,2.484366410349501
2025-08-15,2.474433110291235
2025-08-18,2.473609105167463
2025-08-19,2.47848466890168
2025-08-20,2.480169417552696
2025-08-21,2.475579324898836
2025-08-22,2.510087749833414
2025-08-25,2.4952018940662306
2025-08-26,2.5153625353546616
2025-08-27,2.519897477031303
2025-08-28,2.5275660746930715
2025-08-29,2.5127023971195652
2025-09-02,2.5019869630529152
2025-09-03,2.502213442450374
2025-09-04,2.5277667955743395
2025-09-05,2.522729336616547
2025-09-08,2.52652357144492
2025-09-09,2.5202625866885313
2025-09-10,2.535745946198698
2025-09-11,2.5668320905358937
2025-09-12,2.551025342543432
2025-09-15,2.5631602375444973
2025-09-16,2.556662863108198
2025-09-17,2.557350455382191
2025-09-18,2.5881300297494443
2025-09-19,2.5841526357007716
2025-09-22,2.589980487748608
2025-09-23,2.5940465979299576
2025-09-24,2.593292644667526
2025-09-25,2.5682789294928625
2025-09-26,2.5970964406838686
2025-09-29,2.6047461568683574
2025-09-30,2.6173772199789154
2025-10-01,2.640735074130788
2025-10-02,2.652167003196884
2025-10-03,2.6536759982516727
2025-10-06,2.6665316621362343
2025-10-07,2.6421079418151714
2025-10-08,2.6560408306543923
2025-10-09,2.6275125097671994
2025-10-10,2.558396352123562
2025-10-13,2.600285271464361
2025-10-14,2.6247097024459722
2025-10-15,2.6364604785726686
2025-10-16,2.6071479342281574
2025-10-17,2.6142605490891135
2025-10-20,2.641810420416612
2025-10-21,2.6545920234975595
2025-10-22,2.6282523321752036
2025-10-23,2.639838830222853
2025-10-24,2.655199155896816
2025-10-27,2.665186213325561
2025-10-28,2.637960302607651
2025-10-29,2.630439373279505
2025-10-30,2.6257692004322433
2025-10-31,2.6244589325458305
2025-11-03,2.6246047052025148
2025-11-04,2.6041478302811143
2025-11-05,2.633636447087944
2025-11-06,2.6119282871144023
2025-11-07,2.633199923279908
2025-11-10,2.6654058242314838
2025-11-11,2.659440913810235
2025-11-12,2.6754440994723074
2025-11-13,2.6315210526636656
2025-11-14,2.620192028415185
2025-11-17,2.588181073417272
2025-11-18,2.596096296722796
2025-11-19,2.6098964838090044
2025-11-20,2.5686385073760234
2025-11-21,2.619183684573377
2025-11-24,2.6443835464141268
2025-11-25,2.6840660192613166
2025-11-26,2.7042761457196973
2025-11-28,2.7100701026267093
2025-12-01,2.6906885456119958
2025-12-02,2.6943375126482882
2025-12-03,2.714858155630715
2025-12-04,2.7148761801553776
2025-12-05,2.722548543926757
2025-12-08,2.710418384483424
2025-12-09,2.7117766656780984
2025-12-10,2.7436720852251297
2025-12-11,2.7733728888064246
2025-12-12,2.744120547657032
2025-12-15,2.755257588768892
2025-12-16,2.7415594525767966
2025-12-17,2.709346176171534
2025-12-18,2.733933621100107
2025-12-19,2.7523088906142523
2025-12-22,2.782231715251941
2025-12-23,2.782846933143451
2025-12-24,2.7935635731520745
2025-12-26,2.7962605080276957
2025-12-29,2.784044505146095
2025-12-30,2.776455514933682
2025-12-31,2.74917912771068
2026-01-02,2.794008289106149
2026-01-05,2.8193648657956323
2026-01-06,2.8644620022826293
2026-01-07,2.842748444375027
2026-01-08,2.852957327202002
2026-01-09,2.877511402906073
2026-01-12,2.882196238859229
2026-01-13,2.884144777721795
2026-01-14,2.8737675278117694
2026-01-15,2.898655427774354
2026-01-16,2.9089747870438987
2026-01-20,2.864408418607832
2026-01-21,2.918525490322819
2026-01-22,2.911455872101223
2026-01-23,2.893484875012147
2026-01-26,2.900083720826418
2026-01-27,2.919951960143465
2026-01-28,2.91116256626523
2026-01-29,2.9176184331406136
2026-01-30,2.8771114913032627
2026-02-02,2.8990197638131288
2026-02-03,2.8873244837070495
2026-02-04,2.90868446125086
2026-02-05,2.909712875303645
2026-02-06,3.0024548395698765
2026-02-09,2.997654613928277
2026-02-10,2.987666853577445
2026-02-11,3.0083949295128285
2026-02-12,2.98366679025215
2026-02-13,3.0063951498074215
2026-02-17,3.0018127193341915
2026-02-18,3.008400899531758
2026-02-19,3.011234783524953
2026-02-20,3.035230519874002
2026-02-23,3.00200383393127
2026-02-24,3.033641715191425
2026-02-25,3.0403586896171437
2026-02-26,3.052292255239678
2026-02-27,3.0327153799340287
2026-03-02,3.0298792799976155
2026-03-03,2.9793401788535405
2026-03-04,3.004263096112438
2026-03-05,2.9546438517159186
2026-03-06,2.9021129895972853
2026-03-09,2.937273772696677
2026-03-10,2.9321592574012816
2026-03-11,2.9215071077970394
2026-03-12,2.869994127090762
2026-03-13,2.8614743601075228
2026-03-16,2.887645706972641
2026-03-17,2.8999674580307344
2026-03-18,2.8660708944913313
2026-03-19,2.8861059471205452
2026-03-20,2.8530038941673848
2026-03-23,2.8907645183393633
2026-03-24,2.910879784564621
2026-03-25,2.9132119862516936
2026-03-26,2.852305743687683
2026-03-27,2.822009606106568
2026-03-30,2.794555603227041
2026-03-31,2.8653743283643336
2026-04-01,2.898441893506477
2026-04-02,2.887714129255754
2026-04-06,2.9081520496602904
2026-04-07,2.8984293555338385
2026-04-08,3.0015970667191327
2026-04-09,3.029384014949269
2026-04-10,3.0119355325815245
2026-04-13,3.041165431848369
2026-04-14,3.047548246617577
2026-04-15,3.027603979699743
2026-04-16,3.0255676128373503
2026-04-17,3.0847071755384747
2026-04-20,3.086711712289395
2026-04-21,3.0674667326364147
2026-04-22,3.07948341800001
2026-04-23,3.1284150153793715
2026-04-24,3.1301350768924467
2026-04-27,3.1217071716715683
2026-04-28,3.1006080488539434
2026-04-29,3.0841780240830943
2026-04-30,3.184557666191854
2026-05-01,3.1751846073869863
2026-05-04,3.1604501308524466
2026-05-05,3.1948251769505482
2026-05-06,3.2604086288539103
2026-05-07,3.173602171402237
2026-05-08,3.1836617155164073
2026-05-11,3.199836107871495
2026-05-12,3.1909477729480735
2026-05-13,3.2036736319103225
2026-05-14,3.220151985480979
2026-05-15,3.178887872646114
2026-05-18,3.1595267263118307
2026-05-19,3.140532665873201
2026-05-20,3.179352499527538
2026-05-21,3.189858492979776
2026-05-22,3.2207893677756902
2026-05-26,3.268968041752665
2026-05-27,3.2576418109961174
2026-05-28,3.2659625205425207
2026-05-29,3.2441787141610576
2026-06-01,3.205194950204011
2026-06-02,3.2409111671045148
2026-06-03,3.267484221516604
2026-06-04,3.2976048634499535
2026-06-05,3.2257119606235776
2026-06-08,3.2626953277166058
2026-06-09,3.288064153688724
2026-06-10,3.2284194372004658
2026-06-11,3.335134688772228
2026-06-12,3.3795744421862226
2026-06-15,3.4225866430441765
2026-06-16,3.3865233468956792
2026-06-17,3.3488676619953868
2026-06-18,3.371386745451286
2026-06-22,3.430656202605242
2026-06-23,3.3501492979003897
2026-06-24,3.363211187022928
2026-06-25,3.4233624639324853
2026-06-26,3.3893244354675307
2026-06-29,3.4544039989257573
2026-06-30,3.496907407153104
2026-07-01,3.4130312984389737
2026-07-02,3.3625707701269274
2026-07-06,3.3704096761317235
2026-07-07,3.3256068252520783
2026-07-08,3.309298994977668
2026-07-09,3.3404004763029986
2026-07-10,3.3475197335280678
2026-07-13,3.308236345599594
2026-07-14,3.3244632901292372
2026-07-15,3.3141016646877848
2026-07-16,3.3146503653505457
2026-07-17,3.285571577735971
2026-07-20,3.2596456172436414
2026-07-21,3.295012141003307
2026-07-22,3.2981128018964663
2026-07-23,3.3031474313961895
2026-07-24,3.29957592744825
