Date,Portfolio_PnL
2020-07-24,0.0
2020-07-27,2901.5383549833205
2020-07-28,-6824.824511574348
2020-07-29,16071.262433395023
2020-07-30,-8067.8756078137085
2020-07-31,-6702.649201868218
2020-08-03,2738.1392251193756
2020-08-04,4173.975367104402
2020-08-05,10119.082699752995
2020-08-06,-577.9372476757271
2020-08-07,13139.46419198066
2020-08-10,16023.467775518424
2020-08-11,-4263.255313739646
2020-08-12,7229.584795140778
2020-08-13,-6272.128169460222
2020-08-14,4295.721821061103
2020-08-17,1460.335924241459
2020-08-18,-6394.648447849671
2020-08-19,-2799.14567699132
2020-08-20,-7939.975544393412
2020-08-21,-2124.385267390171
2020-08-24,18784.793105516
2020-08-25,175.6127074646065
2020-08-26,-2740.832753251423
2020-08-27,4271.732116860105
2020-08-28,10158.771275805077
2020-08-31,-11641.156850723433
2020-09-01,6144.3625189427985
2020-09-02,20128.935037960764
2020-09-03,-24579.51896597899
2020-09-04,-319.56896723259706
2020-09-08,-25151.727137268637
2020-09-09,11140.504190727137
2020-09-10,-16235.143944252515
2020-09-11,3798.8939743465744
2020-09-14,19513.920831941185
2020-09-15,665.866274853819
2020-09-16,9520.732560077566
2020-09-17,-6572.131007913966
2020-09-18,-12732.200707900338
2020-09-21,-24882.261746401433
2020-09-22,4729.823419736116
2020-09-23,-20001.52640154143
2020-09-24,1940.4700104095973
2020-09-25,11843.016287081642
2020-09-28,20379.2534972782
2020-09-29,-9817.145362259005
2020-09-30,7973.091414049151
2020-10-01,4563.45437517832
2020-10-02,6533.004241056042
2020-10-05,23511.822438899893
2020-10-06,-14185.512987905066
2020-10-07,21279.118405833025
2020-10-08,15404.222630443983
2020-10-09,3131.3352015810087
2020-10-12,8681.380851820344
2020-10-13,-13145.629529068014
2020-10-14,-5860.088993080892
2020-10-15,601.6835752469487
2020-10-16,936.2969488669187
2020-10-19,-14651.56273712893
2020-10-20,5753.042001970578
2020-10-21,-2348.6607601745054
2020-10-22,10385.617792058969
2020-10-23,3739.6850286978297
2020-10-26,-23301.641549179563
2020-10-27,-15368.666296054726
2020-10-28,-30458.19393318554
2020-10-29,18448.79052468948
2020-10-30,-2309.7289822202874
2020-11-02,27454.353601949406
2020-11-03,23644.240938210627
2020-11-04,-1447.87871905067
2020-11-05,23744.51963316044
2020-11-06,-3736.5111667986494
2020-11-09,54225.18027718621
2020-11-10,11164.510687649017
2020-11-11,-7377.786584232934
2020-11-12,-14684.242796083214
2020-11-13,26811.62126697856
2020-11-16,24967.331944964593
2020-11-17,-2211.6303492297884
2020-11-18,-12616.508200720185
2020-11-19,4896.24591631256
2020-11-20,-6350.980419731932
2020-11-23,19446.928950225003
2020-11-24,25345.52765165991
2020-11-25,-10210.55238754861
2020-11-27,-406.2716308948584
2020-11-30,-17132.695904730586
2020-12-01,16210.743525739992
2020-12-02,3350.823004776612
2020-12-03,5169.006500334479
2020-12-04,17003.98919381271
2020-12-07,-2521.8549673154484
2020-12-08,2187.6301642560866
2020-12-09,-733.1125392727554
2020-12-10,-4383.805017884821
2020-12-11,-9207.152135477634
2020-12-14,-14072.081082406687
2020-12-15,18013.354579116683
2020-12-16,-2673.858754797373
2020-12-17,6063.96940806089
2020-12-18,-9169.06876337016
2020-12-21,-2711.9689320812467
2020-12-22,-4210.354849064257
2020-12-23,8937.484186866786
2020-12-24,3848.418704691343
2020-12-28,3470.8605584646575
2020-12-29,-6033.202731844969
2020-12-30,11435.83718370716
2020-12-31,8655.194764157059
2021-01-04,-19235.09377779509
2021-01-05,11849.208275682526
2021-01-06,36938.96077140514
2021-01-07,14708.486226163106
2021-01-08,-1500.9198654624633
2021-01-11,2184.677392681595
2021-01-12,11717.192216247553
2021-01-13,-5807.185773601057
2021-01-14,12148.964758722344
2021-01-15,-11476.408075971296
2021-01-19,15766.51866794005
2021-01-20,7777.875455087982
2021-01-21,-8496.058140953537
2021-01-22,-4356.734537484823
2021-01-25,-6552.305734967114
2021-01-26,-12834.606866697315
2021-01-27,-35585.34141524695
2021-01-28,24034.59035027679
2021-01-29,-27786.772531706374
2021-02-01,18445.46073962073
2021-02-02,16282.916041783057
2021-02-03,3294.14534673444
2021-02-04,16760.122449305374
2021-02-05,6878.7268856042065
2021-02-08,22333.854947385844
2021-02-09,-1517.6323412351776
2021-02-10,7051.070769011043
2021-02-11,9013.11001098482
2021-02-12,4951.7629993592855
2021-02-16,5328.733138488373
2021-02-17,-2579.3940122746862
2021-02-18,-10834.204841163708
2021-02-19,14072.585978307063
2021-02-22,3113.006075118901
2021-02-23,5804.742036258336
2021-02-24,26852.93741510273
2021-02-25,-35841.04369407566
2021-02-26,-7744.9655752307735
2021-03-01,29454.347065059235
2021-03-02,-11935.97004774795
2021-03-03,-8642.120657386724
2021-03-04,-18689.247688652482
2021-03-05,31971.878453989746
2021-03-08,9178.439905021572
2021-03-09,2516.512999303406
2021-03-10,9621.242696749978
2021-03-11,12653.025015698746
2021-03-12,11385.214773578802
2021-03-15,9604.453530096449
2021-03-16,-19085.509382291
2021-03-17,10973.426943077706
2021-03-18,-14461.910379595822
2021-03-19,-5022.673409383977
2021-03-22,-5170.9431825273205
2021-03-23,-24091.30072376551
2021-03-24,684.3148232446983
2021-03-25,17216.351686425274
2021-03-26,27010.266782800434
2021-03-29,-12155.282016891986
2021-03-30,9706.076261898968
2021-03-31,-3570.480877696071
2021-04-01,16506.160066200187
2021-04-05,20575.55649490608
2021-04-06,-2378.3715130141936
2021-04-07,-2439.874484440079
2021-04-08,4025.0610441395547
2021-04-09,11924.958771923557
2021-04-12,655.4243472458329
2021-04-13,-4475.089391294867
2021-04-14,3357.356361521175
2021-04-15,8784.277916929685
2021-04-16,6137.6898833767045
2021-04-19,-10824.308678393485
2021-04-20,-18586.88009305601
2021-04-21,19446.350874212105
2021-04-22,-9503.140586305643
2021-04-23,18150.884100883268
2021-04-26,3278.38741532946
2021-04-27,3689.5499423565343
2021-04-28,1053.4816469103098
2021-04-29,11359.699657042744
2021-04-30,-8418.557496913476
2021-05-03,9146.4993291914
2021-05-04,-2862.8459873166867
2021-05-05,7737.0058493767865
2021-05-06,10902.025872728787
2021-05-07,19152.461787984474
2021-05-10,-11632.285461529624
2021-05-11,-17203.986753586214
2021-05-12,-37808.760523264296
2021-05-13,25751.911493000807
2021-05-14,25990.512846618658
2021-05-17,-1024.1350780506618
2021-05-18,-18024.22891598195
2021-05-19,-7261.6313754760195
2021-05-20,7811.680891311029
2021-05-21,1926.0856604180299
2021-05-24,10137.817595005967
2021-05-25,-7563.250580162741
2021-05-26,8475.193062875187
2021-05-27,10829.640654519433
2021-05-28,2059.014624102507
2021-06-01,9544.799322086386
2021-06-02,-5845.630261825863
2021-06-03,-1313.7285237191245
2021-06-04,4670.0538680939935
2021-06-07,-2393.853716003243
2021-06-08,3586.236483359011
2021-06-09,-11081.453812654363
2021-06-10,-1271.4535371907987
2021-06-11,5446.525130287278
2021-06-14,-6179.15920891962
2021-06-15,2693.6958528384566
2021-06-16,-9655.275245674886
2021-06-17,-21416.615452954546
2021-06-18,-29077.728605766548
2021-06-21,31427.90301421215
2021-06-22,1692.7735723161604
2021-06-23,-41.48517424776219
2021-06-24,14639.758173489245
2021-06-25,6299.009990439517
2021-06-28,-9932.80110421544
2021-06-29,-4739.724594951142
2021-06-30,6517.483353730524
2021-07-01,4965.397124565905
2021-07-02,3053.4572242433205
2021-07-06,-16807.289664611453
2021-07-07,-1682.4834158676676
2021-07-08,-13989.927413070807
2021-07-09,28270.19584417413
2021-07-12,8594.040036506718
2021-07-13,-15156.187413039152
2021-07-14,-3154.531466372777
2021-07-15,-3460.4016528257634
2021-07-16,-16287.508525404846
2021-07-19,-28630.143745821668
2021-07-20,31409.183343596756
2021-07-21,23332.35937324213
2021-07-22,-9391.84677988314
2021-07-23,12437.89037784934
2021-07-26,9208.708368239924
2021-07-27,-4156.7927823062055
2021-07-28,3328.126264068531
2021-07-29,11317.971637314418
2021-07-30,1431.094744083006
2021-08-02,-4478.434158340329
2021-08-03,17609.04382553976
2021-08-04,-15503.782006225549
2021-08-05,11030.144037531456
2021-08-06,8961.763932416681
2021-08-09,-5039.300603855867
2021-08-10,11491.264715733007
2021-08-11,11906.73557710764
2021-08-12,423.476685912814
2021-08-13,-3850.7212637462653
2021-08-16,-1124.8723937370814
2021-08-17,-16518.806792098563
2021-08-18,-14520.753301565303
2021-08-19,-7132.865908648586
2021-08-20,8181.41567289154
2021-08-23,16196.032207085518
2021-08-24,9107.719240888488
2021-08-25,13131.544442096027
2021-08-26,-13341.379649968818
2021-08-27,20512.847280803835
2021-08-30,-7762.324571390171
2021-08-31,-622.4571331604384
2021-09-01,-4014.9404041599482
2021-09-02,14787.037833939772
2021-09-03,-4193.656331566861
2021-09-07,-14635.020450026728
2021-09-08,-4882.597333978396
2021-09-09,-1091.7722275704145
2021-09-10,-10421.093475344824
2021-09-13,9444.842158333864
2021-09-14,-11542.715336156543
2021-09-15,15721.737747282954
2021-09-16,-4591.838416431798
2021-09-17,-12046.72455469123
2021-09-20,-27631.31893939292
2021-09-21,-2533.7470583401155
2021-09-22,21593.209575412795
2021-09-23,26230.35807001544
2021-09-24,-638.0381258109119
2021-09-27,6781.91810544068
2021-09-28,-24938.945700614015
2021-09-29,1820.5721968363505
2021-09-30,-26874.11178922467
2021-10-01,20060.58916248195
2021-10-04,-11918.818336798577
2021-10-05,11064.364886753028
2021-10-06,-2976.3030462262686
2021-10-07,15147.500718567055
2021-10-08,-1465.731089547975
2021-10-11,-7653.77840349637
2021-10-12,3177.6983242456336
2021-10-13,1111.4645324468147
2021-10-14,29607.06496760319
2021-10-15,6960.1809103526175
2021-10-18,616.2126208019909
2021-10-19,2863.9924718970433
2021-10-20,11597.48269703472
2021-10-21,1185.9544644542038
2021-10-22,7107.121043038322
2021-10-25,8191.80466814409
2021-10-26,-5107.865162272006
2021-10-27,-24720.184766579187
2021-10-28,24436.052452332806
2021-10-29,-4118.3049331728835
2021-11-01,6443.128964626696
2021-11-02,8730.272512948373
2021-11-03,11342.111664524302
2021-11-04,2754.354950689478
2021-11-05,15279.945718758274
2021-11-08,2897.5037346552126
2021-11-09,165.59480882878415
2021-11-10,-14324.1097295105
2021-11-11,9864.183026263723
2021-11-12,8591.79059557058
2021-11-15,3581.467959719477
2021-11-16,1178.2512643672526
2021-11-17,-11994.507208888186
2021-11-18,-3210.4238567887805
2021-11-19,-8283.38058109209
2021-11-22,-486.852827626979
2021-11-23,12322.000896518119
2021-11-24,-2917.586300106719
2021-11-26,-48150.291098736925
2021-11-29,15172.284685979597
2021-11-30,-48042.842158708954
2021-12-01,-16853.9392615885
2021-12-02,38858.964903138345
2021-12-03,-11664.076996009331
2021-12-06,26205.68529828172
2021-12-07,31079.787459868472
2021-12-08,1002.8176384267863
2021-12-09,-14877.506304189796
2021-12-10,10643.557623144472
2021-12-13,-22515.677377568092
2021-12-14,-9723.868352829246
2021-12-15,18803.347181883408
2021-12-16,-10198.833937065909
2021-12-17,-23493.95604937477
2021-12-20,-24936.352314890362
2021-12-21,35441.26079632854
2021-12-22,11279.781107689021
2021-12-23,12507.693352297414
2021-12-27,23732.56341000623
2021-12-28,-128.28707021893933
2021-12-29,5693.011815127451
2021-12-30,-4548.525740056066
2021-12-31,2414.3530836247373
2022-01-03,3386.6608384966385
2022-01-04,18660.925952379126
2022-01-05,-29710.957082541194
2022-01-06,8030.613139917608
2022-01-07,-7099.808441388188
2022-01-10,-9841.145000505727
2022-01-11,17769.746833282523
2022-01-12,3807.136402839562
2022-01-13,-5834.727027694462
2022-01-14,937.8900448060594
2022-01-18,-30238.030325967586
2022-01-19,-22545.78896058933
2022-01-20,-19206.454547459958
2022-01-21,-23361.662159583997
2022-01-24,16006.717314426322
2022-01-25,-17959.392339216778
2022-01-26,-7504.792863741517
2022-01-27,-10592.931489272974
2022-01-28,20808.542970929993
2022-01-31,24174.72969903215
2022-02-01,14607.22153733531
2022-02-02,15097.939739758614
2022-02-03,-25698.32170500164
2022-02-04,-4476.333266548114
2022-02-07,-3813.850056078518
2022-02-08,13671.902110871626
2022-02-09,29325.85891568195
2022-02-10,-21236.69477588171
2022-02-11,-23966.159371852176
2022-02-14,-12079.998939268291
2022-02-15,32233.00572029408
2022-02-16,10756.295005249092
2022-02-17,-35585.64146896242
2022-02-18,-5153.209052100312
2022-02-22,-17337.976696312893
2022-02-23,-26225.31669881032
2022-02-24,16259.081345377723
2022-02-25,38676.13139411458
2022-02-28,-7816.92578542023
2022-03-01,-33364.68923878251
2022-03-02,40481.79082618677
2022-03-03,-678.0958760068752
2022-03-04,-18824.740326374536
2022-03-07,-53857.80030572903
2022-03-08,6304.530746286269
2022-03-09,41226.85598000162
2022-03-10,877.982744077919
2022-03-11,-17328.599921596237
2022-03-14,-4041.861568159191
2022-03-15,24185.77354240138
2022-03-16,31478.145295718685
2022-03-17,20377.792351472424
2022-03-18,9723.529548242921
2022-03-21,-4868.718702136306
2022-03-22,13421.389736488229
2022-03-23,-20842.991349655436
2022-03-24,22641.70601434703
2022-03-25,13678.99510956346
2022-03-28,1392.4053589049727
2022-03-29,26125.941568613518
2022-03-30,-15646.846845959313
2022-03-31,-24836.22013685503
2022-04-01,1423.036608878756
2022-04-04,3367.897512829397
2022-04-05,-21978.153582523344
2022-04-06,-5676.323999692453
2022-04-07,5821.452968486585
2022-04-08,5829.824570857687
2022-04-11,-15759.014516039751
2022-04-12,-1586.385651584249
2022-04-13,18447.93056996283
2022-04-14,-8455.876960768597
2022-04-18,3597.9496226690244
2022-04-19,28389.684068002272
2022-04-20,7334.344018373871
2022-04-21,-27402.61963981483
2022-04-22,-45897.067275407724
2022-04-25,2741.1176686182152
2022-04-26,-35996.89417373366
2022-04-27,417.08807778474875
2022-04-28,33276.657674790826
2022-04-29,-50878.46067119273
2022-05-02,1219.1576120180544
2022-05-03,14672.819593491964
2022-05-04,42228.08150943229
2022-05-05,-49366.414132679114
2022-05-06,-9542.895082194591
2022-05-09,-52111.731158998096
2022-05-10,-4242.87190722581
2022-05-11,-12742.319015663583
2022-05-12,7388.705861354247
2022-05-13,34173.482498722384
2022-05-16,-3805.896896874765
2022-05-17,30133.83068958763
2022-05-18,-62530.211719308514
2022-05-19,-5484.662268984597
2022-05-20,-3632.2045823035296
2022-05-23,27692.48551992164
2022-05-24,-11018.861224176595
2022-05-25,23504.829329693457
2022-05-26,35490.94053264009
2022-05-27,38799.761552572716
2022-05-31,-17286.853527470725
2022-06-01,-13047.85142947035
2022-06-02,28584.991108605172
2022-06-03,-13181.35381359281
2022-06-06,5235.89474916039
2022-06-07,18311.711336780572
2022-06-08,-19128.029358784435
2022-06-09,-33713.90765665891
2022-06-10,-45425.34318813332
2022-06-13,-56912.3747879765
2022-06-14,-4205.558973362669
2022-06-15,15721.910670985002
2022-06-16,-55269.791488345014
2022-06-17,2944.1555408132263
2022-06-21,22227.013766088523
2022-06-22,-7682.499591789208
2022-06-23,6169.251213158248
2022-06-24,44797.03939761664
2022-06-27,-2377.2421152356546
2022-06-28,-17776.855463336222
2022-06-29,-14315.669246496633
2022-06-30,-7168.002791157458
2022-07-01,9850.760344332084
2022-07-05,-5929.564876435092
2022-07-06,-3318.268323749304
2022-07-07,27164.8188438043
2022-07-08,-5782.463191039627
2022-07-11,-10321.113215143792
2022-07-12,-10051.877629843075
2022-07-13,-8480.203438159311
2022-07-14,-10926.90232786024
2022-07-15,22808.542726172134
2022-07-18,-4581.050365854753
2022-07-19,42442.018115563784
2022-07-20,7855.560665250057
2022-07-21,9195.465260532917
2022-07-22,-9336.774726452539
2022-07-25,8677.977979693096
2022-07-26,-14288.160843673162
2022-07-27,29441.02480135183
2022-07-28,20967.987428501947
2022-07-29,12999.249474287964
2022-08-01,-5774.068191361148
2022-08-02,-10828.201202329947
2022-08-03,11871.872925262665
2022-08-04,-8957.537975454936
2022-08-05,7033.452856240561
2022-08-08,4448.099617436295
2022-08-09,-9982.617959147785
2022-08-10,35794.11936062318
2022-08-11,11704.961449078284
2022-08-12,23017.485963011626
2022-08-15,1712.5894519595895
2022-08-16,6348.012435429264
2022-08-17,-12154.846871885471
2022-08-18,6911.189261027612
2022-08-19,-19641.001503508072
2022-08-22,-30475.889474249445
2022-08-23,768.7295035836287
2022-08-24,11289.466011766344
2022-08-25,23623.05167178507
2022-08-26,-45739.06953246193
2022-08-29,-6895.499328830745
2022-08-30,-17698.47786423657
2022-08-31,-9831.565200072248
2022-09-01,934.6720780667383
2022-09-02,-7968.876290505519
2022-09-06,-6188.74268682953
2022-09-07,32062.85809621378
2022-09-08,13119.335051036207
2022-09-09,23986.188146600733
2022-09-12,14230.71222271584
2022-09-13,-60569.17378927418
2022-09-14,6361.470716231037
2022-09-15,-13497.73236206756
2022-09-16,-14998.21206251951
2022-09-19,11967.278699208284
2022-09-20,-23109.53432922857
2022-09-21,-25171.72892245371
2022-09-22,-20331.96082734433
2022-09-23,-30998.884975082707
2022-09-26,-23604.603618103545
2022-09-27,601.8592700366862
2022-09-28,36722.37441390613
2022-09-29,-25187.762971836375
2022-09-30,-16974.211212584516
2022-10-03,41642.05114159593
2022-10-04,45885.43241574988
2022-10-05,-4106.83743519173
2022-10-06,-12814.842151405057
2022-10-07,-34054.590490230825
2022-10-10,-9562.261769460049
2022-10-11,-3988.423206718173
2022-10-12,-8284.51584009151
2022-10-13,33177.83015035838
2022-10-14,-37192.00199869368
2022-10-17,29999.685606076848
2022-10-18,18875.206640774617
2022-10-19,-11264.878741089255
2022-10-20,-14598.701470684027
2022-10-21,34246.20025875559
2022-10-24,16100.968718803022
2022-10-25,31934.74068270391
2022-10-26,-2137.6268739511725
2022-10-27,4941.982127933996
2022-10-28,25740.791396339657
2022-10-31,-2409.87320211879
2022-11-01,-44.87326198676601
2022-11-02,-35879.814082121244
2022-11-03,4129.821398658212
2022-11-04,25128.88199172914
2022-11-07,10961.926294630859
2022-11-08,8443.508548881859
2022-11-09,-30122.486540857004
2022-11-10,72724.13489230257
2022-11-11,14723.95587706333
2022-11-14,-21231.98255685973
2022-11-15,13926.257834301097
2022-11-16,-17858.17064576107
2022-11-17,-2493.1104025088716
2022-11-18,12058.532743976684
2022-11-21,-3303.877267640317
2022-11-22,21943.1950120721
2022-11-23,3395.3738802338485
2022-11-25,5046.792387367459
2022-11-28,-25212.079835792538
2022-11-29,7982.917230548337
2022-11-30,35886.9082422615
2022-12-01,372.9309673628304
2022-12-02,1310.6617288442794
2022-12-05,-31024.575188910123
2022-12-06,-12284.698914415669
2022-12-07,-1928.8338794622105
2022-12-08,12352.023674709257
2022-12-09,-15895.03754486586
2022-12-12,27045.638709909515
2022-12-13,12470.015193084255
2022-12-14,-11856.495774544077
2022-12-15,-36462.42279809993
2022-12-16,-17259.000524776056
2022-12-19,-10992.34523352678
2022-12-20,4702.570669893874
2022-12-21,24480.17744300561
2022-12-22,-18927.33253830485
2022-12-23,13454.957679057028
2022-12-27,3852.9957111668773
2022-12-28,-21662.849397792248
2022-12-29,23966.242431320483
2022-12-30,-1851.024425970856
2023-01-03,-3429.554398057051
2023-01-04,13372.367629954359
2023-01-05,-16438.06415058882
2023-01-06,38135.128428108525
2023-01-09,-3952.5671555444133
2023-01-10,8615.472143785562
2023-01-11,18383.760000907583
2023-01-12,10063.10401755781
2023-01-13,3819.3741285414435
2023-01-17,-5611.406889471924
2023-01-18,-22036.866200430784
2023-01-19,-16237.414042103104
2023-01-20,26769.358757885173
2023-01-23,19248.63878479344
2023-01-24,-3155.8576402743347
2023-01-25,2920.1574697883334
2023-01-26,18958.15682880534
2023-01-27,492.9528467664495
2023-01-30,-14900.418810509145
2023-01-31,29095.0813543282
2023-02-01,12512.562404560857
2023-02-02,4975.644946019398
2023-02-03,-16348.322882475099
2023-02-06,-11753.63742066943
2023-02-07,22430.076802397612
2023-02-08,-18518.09323994373
2023-02-09,-10409.02949137683
2023-02-10,4521.9502705105115
2023-02-13,17213.6660633476
2023-02-14,-5713.8918900932185
2023-02-15,7357.9618006190285
2023-02-16,-20099.43587272847
2023-02-17,-5906.938263372984
2023-02-21,-33910.57403102447
2023-02-22,2033.2068195990287
2023-02-23,8565.984898427734
2023-02-24,-8881.42258182913
2023-02-27,4209.950847239699
2023-02-28,-5119.982849425869
2023-03-01,-2186.1872029730584
2023-03-02,12802.803644892294
2023-03-03,20751.57995775924
2023-03-06,-7393.137564710807
2023-03-07,-22707.67922599311
2023-03-08,1902.2070777940098
2023-03-09,-34663.66323692771
2023-03-10,-28915.192375070183
2023-03-13,-20829.54623762332
2023-03-14,20625.010125019588
2023-03-15,-29634.334760478465
2023-03-16,24083.99255920155
2023-03-17,-28708.817014373373
2023-03-20,19779.670486988965
2023-03-21,24259.523382067913
2023-03-22,-29964.243295866763
2023-03-23,-3333.6485449755564
2023-03-24,6421.16065950715
2023-03-27,7515.469756693346
2023-03-28,7809.982204787899
2023-03-29,20868.965864997124
2023-03-30,8733.10924867331
2023-03-31,22682.549132793676
2023-04-03,5474.299337504199
2023-04-04,-20116.61643453734
2023-04-05,-10517.242896139156
2023-04-06,649.3113159521017
2023-04-10,10699.938876825618
2023-04-11,6750.694238510216
2023-04-12,-4763.936348201241
2023-04-13,12468.727891535033
2023-04-14,-3227.966855054954
2023-04-17,6102.418698581867
2023-04-18,3928.3083973552566
2023-04-19,1710.1803503974807
2023-04-20,-5259.203449853696
2023-04-21,-4195.118839443661
2023-04-24,8435.979561249726
2023-04-25,-27463.688902072143
2023-04-26,-16493.103585043456
2023-04-27,28895.374838903546
2023-04-28,15600.139028336387
2023-05-01,-1572.9173731042538
2023-05-02,-22272.187912670895
2023-05-03,-8029.766141754575
2023-05-04,-17617.825206646463
2023-05-05,30803.176662825514
2023-05-08,-2517.749166222755
2023-05-09,-2550.427058515139
2023-05-10,-1901.5893341680057
2023-05-11,-152.50265459669754
2023-05-12,1087.4285591456573
2023-05-15,12401.256500943564
2023-05-16,-18862.851519054966
2023-05-17,22655.249322526623
2023-05-18,17584.422576145735
2023-05-19,-5211.836771751754
2023-05-22,-2481.472842503572
2023-05-23,-18211.892231723294
2023-05-24,-18570.242227276787
2023-05-25,8405.164879789343
2023-05-26,7222.574975816999
2023-05-30,-4345.4060405255295
2023-05-31,-15753.155828875257
2023-06-01,10549.999705706723
2023-06-02,42876.83107669535
2023-06-05,-5801.952357106144
2023-06-06,14487.64006736828
2023-06-07,11105.08699569595
2023-06-08,2901.6480446758214
2023-06-09,-3323.2264722476248
2023-06-12,5484.55475082132
2023-06-13,16084.19696367206
2023-06-14,-3468.9922670824453
2023-06-15,15216.743664211128
2023-06-16,-7573.260321084643
2023-06-20,-10744.516322253272
2023-06-21,2045.4259950646665
2023-06-22,-4103.4734942638315
2023-06-23,-11851.595366416033
2023-06-26,11211.270873225993
2023-06-27,21445.72090976918
2023-06-28,-3171.972199362004
2023-06-29,11773.616735577583
2023-06-30,14248.361821190221
2023-07-03,4853.541280237958
2023-07-05,-9386.695464432472
2023-07-06,-14652.628856465686
2023-07-07,4627.725061103702
2023-07-10,17592.573510480113
2023-07-11,16694.450091883773
2023-07-12,4664.076172966743
2023-07-13,10966.9470041967
2023-07-14,-9830.63850961742
2023-07-17,6224.335905127926
2023-07-18,12196.172962257173
2023-07-19,551.6319190030918
2023-07-20,-3368.1557940475177
2023-07-21,3917.3934211349115
2023-07-24,5259.179754636716
2023-07-25,493.61650874326006
2023-07-26,824.2558609426487
2023-07-27,-1043.317155286204
2023-07-28,16118.87358865398
2023-07-31,7130.365637774346
2023-08-01,-1085.1968993255869
2023-08-02,-15208.010888990713
2023-08-03,-8079.12533222721
2023-08-04,-3414.2949266531505
2023-08-07,23213.27719616657
2023-08-08,1007.6682094391435
2023-08-09,-4324.771492466796
2023-08-10,-13544.17383321235
2023-08-11,-1110.559141359292
2023-08-14,5231.799788807519
2023-08-15,-18181.776639267802
2023-08-16,-12209.518085545162
2023-08-17,-13983.745920500485
2023-08-18,7619.0202673655
2023-08-21,968.4748960062861
2023-08-22,-8889.320703527424
2023-08-23,15357.809217476752
2023-08-24,-18980.198306153296
2023-08-25,8046.212641273392
2023-08-28,13435.733591358177
2023-08-29,18077.569692953257
2023-08-30,4026.1532930261455
2023-08-31,-2839.1240385801066
2023-09-01,11584.268742648652
2023-09-05,-17032.41489264043
2023-09-06,-3757.2203637761995
2023-09-07,-5398.2455125977285
2023-09-08,2062.864882101305
2023-09-11,1484.6170773990452
2023-09-12,-998.4942993365694
2023-09-13,-14256.642070514616
2023-09-14,13673.496843243018
2023-09-15,-17151.304250019835
2023-09-18,-1415.4868638440967
2023-09-19,-4259.266416751314
2023-09-20,-7882.1530860806815
2023-09-21,-33372.21640632581
2023-09-22,-3544.0203742133453
2023-09-25,7703.2153857424855
2023-09-26,-23604.4513480179
2023-09-27,7137.120565335732
2023-09-28,10048.82671210263
2023-09-29,-10176.379547022516
2023-10-02,-21198.75181824225
2023-10-03,-20994.09272967046
2023-10-04,9535.06794672436
2023-10-05,-6225.3399482944515
2023-10-06,21351.571523339022
2023-10-09,10923.72352539748
2023-10-10,14235.268846650142
2023-10-11,8362.288711804664
2023-10-12,-9899.746364183258
2023-10-13,-9537.095109676244
2023-10-16,21516.87665608013
2023-10-17,8518.37771341065
2023-10-18,-27233.04659555154
2023-10-19,-21000.811170799192
2023-10-20,-25240.413872360718
2023-10-23,-7205.290659348713
2023-10-24,13210.507799243089
2023-10-25,-18247.520834071795
2023-10-26,701.7643926062156
2023-10-27,-16137.148445385275
2023-10-30,12700.177893823013
2023-10-31,11909.984599573538
2023-11-01,3706.371612777235
2023-11-02,41405.06261388934
2023-11-03,13753.490972189233
2023-11-06,-3266.3000911523122
2023-11-07,-7548.958404889796
2023-11-08,3558.8406801291276
2023-11-09,-10584.842023480916
2023-11-10,24195.38863170659
2023-11-13,3637.9075071138795
2023-11-14,39993.00571352034
2023-11-15,1260.274623049656
2023-11-16,-8649.282390784472
2023-11-17,11118.877625102876
2023-11-20,8414.108484940836
2023-11-21,-5098.648609471973
2023-11-22,7287.12639610027
2023-11-24,4758.627613899298
2023-11-27,-2056.1674083694816
2023-11-28,-6219.037779693492
2023-11-29,5775.228520308388
2023-11-30,11955.009600656107
2023-12-01,24424.025553357555
2023-12-04,-1306.1106655623298
2023-12-05,-15631.851273567649
2023-12-06,-751.2657157341018
2023-12-07,12852.736313894857
2023-12-08,11246.180060579441
2023-12-11,21729.43622130924
2023-12-12,5560.141238664044
2023-12-13,36128.15852301149
2023-12-14,19887.558969154954
2023-12-15,-8006.376873059897
2023-12-18,3104.8954503601417
2023-12-19,11650.834491199348
2023-12-20,-29177.824980987236
2023-12-21,17981.967299598502
2023-12-22,4331.931051984895
2023-12-26,15205.838980370667
2023-12-27,2934.629346457543
2023-12-28,-82.22729582129978
2023-12-29,-4272.716467910446
2024-01-02,-4836.495340895839
2024-01-03,-24153.931077921297
2024-01-04,-6108.998412628658
2024-01-05,6080.012261109659
2024-01-08,21349.542781002587
2024-01-09,-8568.92081019259
2024-01-10,1504.2120347935706
2024-01-11,-635.6588369030505
2024-01-12,-1762.6383141663391
2024-01-16,-11765.483337857062
2024-01-17,-13105.70257409336
2024-01-18,14742.227399735013
2024-01-19,20409.85630709026
2024-01-22,9042.551997695118
2024-01-23,-7637.908946710173
2024-01-24,-760.4509572884999
2024-01-25,24270.331070358865
2024-01-26,-3651.3482176887337
2024-01-29,13089.524113083724
2024-01-30,885.1898371214047
2024-01-31,-26867.31892364123
2024-02-01,19988.398917977698
2024-02-02,6673.391947063152
2024-02-05,-9153.168949658982
2024-02-06,8832.007753699552
2024-02-07,10402.652426133398
2024-02-08,12454.73751236382
2024-02-09,10815.55183685827
2024-02-12,11376.67828868609
2024-02-13,-25457.965676007327
2024-02-14,24304.787292794557
2024-02-15,16464.97766889166
2024-02-16,95.28879579761997
2024-02-20,-9177.812791601522
2024-02-21,6052.776727267075
2024-02-22,33499.91648720205
2024-02-23,-88.68012652359903
2024-02-26,-4104.405738631496
2024-02-27,9531.35008397256
2024-02-28,351.78456779546104
2024-02-29,8793.285372512182
2024-03-01,15131.121799214976
2024-03-04,7956.76367016416
2024-03-05,-9141.993353292812
2024-03-06,11158.096221809275
2024-03-07,13686.63816552516
2024-03-08,-9260.326701145852
2024-03-11,-6594.460950148292
2024-03-12,14523.378887404455
2024-03-13,4521.7641631278675
2024-03-14,-9279.846913988236
2024-03-15,-8147.550666771829
2024-03-18,10277.241424597101
2024-03-19,12444.852164057549
2024-03-20,21397.283068092773
2024-03-21,19247.39971882524
2024-03-22,-12023.54232378467
2024-03-25,-6920.6137839329895
2024-03-26,-770.3086870908737
2024-03-27,26572.226696373196
2024-03-28,10692.782193307998
2024-04-01,-8051.741046963027
2024-04-02,-20050.577274517855
2024-04-03,-479.85345906950533
2024-04-04,-24929.67438212759
2024-04-05,22516.26749403216
2024-04-08,2056.9636007992085
2024-04-09,-6319.665762920631
2024-04-10,-23324.08072213852
2024-04-11,1387.3864576234482
2024-04-12,-27101.029670821037
2024-04-15,-19506.220289095538
2024-04-16,-8611.875990237342
2024-04-17,-13539.773138253484
2024-04-18,-620.4447552619968
2024-04-19,-2415.234492613701
2024-04-22,17649.493481442798
2024-04-23,24769.15061750356
2024-04-24,2293.121809608303
2024-04-25,-6321.721393777523
2024-04-26,13111.232668437762
2024-04-29,11862.678716482129
2024-04-30,-28786.931139946682
2024-05-01,-10391.843240810325
2024-05-02,952.4585094838403
2024-05-03,10110.906371376477
2024-05-06,29491.178189156577
2024-05-07,2568.5339456540532
2024-05-08,-2581.174657323165
2024-05-09,19818.81029916252
2024-05-10,3334.052466784371
2024-05-13,-7442.3990822022315
2024-05-14,7141.443866703659
2024-05-15,27611.09399601794
2024-05-16,-14972.239087715512
2024-05-17,3863.387210924644
2024-05-20,6121.664117632201
2024-05-21,4767.187886112602
2024-05-22,-11136.447456591297
2024-05-23,-18085.869347127387
2024-05-24,15527.260406458285
2024-05-28,-15695.564460013993
2024-05-29,-18321.70408747415
2024-05-30,5483.341597466497
2024-05-31,23078.481999967946
2024-06-03,-12555.888734559063
2024-06-04,-9672.544861414004
2024-06-05,19918.39243286499
2024-06-06,-11378.117282096995
2024-06-07,1976.0381906728726
2024-06-10,18189.560218849918
2024-06-11,-10552.452074535657
2024-06-12,19468.019961094717
2024-06-13,-2661.9491515478585
2024-06-14,-16104.854619515361
2024-06-17,20838.094301644946
2024-06-18,9950.458510531345
2024-06-20,-10321.068136594491
2024-06-21,3830.2445622792
2024-06-24,10884.259279405
2024-06-25,-6364.814132886939
2024-06-26,-11718.549356869888
2024-06-27,4751.0336352367885
2024-06-28,3901.437366363127
2024-07-01,-11425.438564554788
2024-07-02,4510.825113789877
2024-07-03,2583.3377812881954
2024-07-05,-1704.562974421773
2024-07-08,11511.704915623646
2024-07-09,-796.7482488027308
2024-07-10,22678.97780417232
2024-07-11,15984.588439567247
2024-07-12,16505.605775434524
2024-07-15,1606.0633698152378
2024-07-16,32455.934509804472
2024-07-17,-34654.66232393542
2024-07-18,-10578.38606204791
2024-07-19,-19602.203558182344
2024-07-22,30137.28623694973
2024-07-23,-8635.14635965461
2024-07-24,-45865.468004455324
2024-07-25,5060.058859433979
2024-07-26,31094.664635356516
2024-07-29,1874.9934578211978
2024-07-30,-7326.274510701187
2024-07-31,28740.079197356477
2024-08-01,-29857.44171940256
2024-08-02,-67304.18628177396
2024-08-05,-45423.98215875914
2024-08-06,21739.97145860805
2024-08-07,-19796.715715248836
2024-08-08,58832.01740670507
2024-08-09,9917.735697067576
2024-08-12,-8680.054568697233
2024-08-13,29176.225833219243
2024-08-14,6522.505979751004
2024-08-15,36803.67832483235
2024-08-16,2265.0321030979976
2024-08-19,13076.280140343588
2024-08-20,-6792.798004263081
2024-08-21,21016.041443179827
2024-08-22,-10927.545059278142
2024-08-23,28413.164909010753
2024-08-26,-7105.26909568673
2024-08-27,-2158.9893080182374
2024-08-28,-5974.74988247361
2024-08-29,9817.865033918526
2024-08-30,20879.968520733528
2024-09-03,-48076.534278802574
2024-09-04,-4206.360585284419
2024-09-05,-20926.2239664644
2024-09-06,-27879.944263695972
2024-09-09,21405.982289420208
2024-09-10,-5087.455492423847
2024-09-11,13387.549413346685
2024-09-12,16779.924561331514
2024-09-13,20606.660771866795
2024-09-16,12641.873493084218
2024-09-17,5242.854597696569
2024-09-18,-5011.582034100778
2024-09-19,41132.68744954839
2024-09-20,-6933.22110226145
2024-09-23,8505.668638773263
2024-09-24,3549.194801751524
2024-09-25,-9392.954609076027
2024-09-26,10070.625140688382
2024-09-27,946.4160258392803
2024-09-30,-1092.7548293005675
2024-10-01,-15222.452860877384
2024-10-02,-96.04999768035486
2024-10-03,-9266.372020899318
2024-10-04,24145.035366896074
2024-10-07,-14880.424078622367
2024-10-08,6657.473315130919
2024-10-09,16457.771126957145
2024-10-10,-8049.474362612236
2024-10-11,25492.925293637905
2024-10-14,18350.82095032418
2024-10-15,-28693.750127320644
2024-10-16,11970.578875218984
2024-10-17,-42.28084280481562
2024-10-18,497.1485655903816
2024-10-21,-15002.251760147046
2024-10-22,-2455.076637516264
2024-10-23,-8249.634638099931
2024-10-24,3612.389956213068
2024-10-25,6625.707971141208
2024-10-28,10856.826949455775
2024-10-29,-4979.136410614941
2024-10-30,-8178.515780850779
2024-10-31,-31634.296160183847
2024-11-01,-2295.782541014254
2024-11-04,-1181.0349230379798
2024-11-05,35102.69341754727
2024-11-06,56957.23049064865
2024-11-07,9863.061651862226
2024-11-08,20852.18522406323
2024-11-11,10983.429450682364
2024-11-12,-14000.154994177166
2024-11-13,-5318.324667185545
2024-11-14,-8822.574424803723
2024-11-15,-21566.613455156796
2024-11-18,3739.6841644947417
2024-11-19,-13253.515384189319
2024-11-20,856.5252744364552
2024-11-21,32322.140723071992
2024-11-22,18365.18043511035
2024-11-25,24766.71439326834
2024-11-26,6402.36492458079
2024-11-27,-4082.2411848171614
2024-11-29,13412.706254847813
2024-12-02,-5278.680932439864
2024-12-03,-9807.259812243283
2024-12-04,1471.4309906172566
2024-12-05,-11208.557117475662
2024-12-06,-2082.6887950566597
2024-12-09,-21279.534188902937
2024-12-10,-17765.484591688495
2024-12-11,17390.17973113153
2024-12-12,-9639.283690492157
2024-12-13,-3937.3765297597274
2024-12-16,-3166.1791253141128
2024-12-17,-20976.811067666393
2024-12-18,-67061.9323555245
2024-12-19,-10249.013161740266
2024-12-20,32438.956517372746
2024-12-23,9367.314732089173
2024-12-24,18856.78902392555
2024-12-26,4908.544608888216
2024-12-27,-19474.56328813033
2024-12-30,-22027.59969921224
2024-12-31,-2361.4470316157676
2025-01-02,-7319.598217939492
2025-01-03,27320.580962377135
2025-01-06,2169.885482194368
2025-01-07,-10586.522550309077
2025-01-08,1766.33099372359
2025-01-10,-23590.10298070684
2025-01-13,18882.39152747672
2025-01-14,18312.52323102299
2025-01-15,24477.625809769146
2025-01-16,20260.300045680255
2025-01-17,9759.568582775071
2025-01-21,40174.0878113457
2025-01-22,-6130.5609581298195
2025-01-23,3095.2680545696057
2025-01-24,1182.1620199028403
2025-01-27,-43148.312336959876
2025-01-28,-9292.345842301846
2025-01-29,-1212.1160489362665
2025-01-30,32615.53218962159
2025-01-31,-11111.120256271679
2025-02-03,-16206.166383516043
2025-02-04,8160.466322367545
2025-02-05,10283.474093486555
2025-02-06,26245.790230318904
2025-02-07,-20316.752531225793
2025-02-10,273.5551743344404
2025-02-11,1804.5360115063377
2025-02-12,-14089.783271271735
2025-02-13,12071.792003480718
2025-02-14,-8636.682508908678
2025-02-18,16409.841419200413
2025-02-19,11185.775436365977
2025-02-20,-17227.909590553027
2025-02-21,-42168.83321572747
2025-02-24,-9490.226682118606
2025-02-25,5445.369245836977
2025-02-26,13943.872765534557
2025-02-27,-28387.762070370838
2025-02-28,30626.242351308465
2025-03-03,-32830.86372845154
2025-03-04,-39678.82153593842
2025-03-05,25170.749710016884
2025-03-06,-37364.476760039106
2025-03-07,7766.296936983243
2025-03-10,-49559.82499521552
2025-03-11,-12696.553187223151
2025-03-12,3299.4075890081003
2025-03-13,-26256.220259583555
2025-03-14,50651.43939270731
2025-03-17,23655.362745058723
2025-03-18,-15098.011484269984
2025-03-19,28439.787168094423
2025-03-20,-5265.35253784107
2025-03-21,-9175.754291236866
2025-03-24,46561.51544937771
2025-03-25,-3460.1936006760225
2025-03-26,-22001.075543301646
2025-03-27,-12206.71295023011
2025-03-28,-36347.828671699855
2025-03-31,17270.156150669325
2025-04-01,11037.192966627888
2025-04-02,22103.18652198743
2025-04-03,-111857.80926613137
2025-04-04,-122043.49911678187
2025-04-07,-8826.37388018868
2025-04-08,-29497.244582252344
2025-04-09,162839.98782127816
2025-04-10,-66976.4952826947
2025-04-11,25959.69491104898
2025-04-14,27626.32827457646
2025-04-15,-5098.188500808552
2025-04-16,-33034.037020495394
2025-04-17,24483.879431965994
2025-04-21,-44064.57070500869
2025-04-22,47350.98201121576
2025-04-23,27371.08040425973
2025-04-24,54480.174860212486
2025-04-25,32.537004575598985
2025-04-28,5863.757410271559
2025-04-29,10311.732109609526
2025-04-30,11016.511240948457
2025-05-01,-2489.1251921644434
2025-05-02,38462.60509513924
2025-05-05,-5644.675038491376
2025-05-06,-21720.72249167878
2025-05-07,13198.699612135533
2025-05-08,14522.257201508153
2025-05-09,-1125.762465317268
2025-05-12,69094.81796891335
2025-05-13,10770.885295868851
2025-05-14,-18700.403018103912
2025-05-15,17781.88010123279
2025-05-16,21472.779481258243
2025-05-19,-248.48972773738205
2025-05-20,-5156.814234262798
2025-05-21,-45506.950289411936
2025-05-22,-11348.378632955719
2025-05-23,-6595.740267012734
2025-05-27,49664.23274976155
2025-05-28,-18392.303207840305
2025-05-29,4099.019999282435
2025-05-30,5172.559563338757
2025-06-02,2171.4688743590377
2025-06-03,18555.391451071016
2025-06-04,-3401.2190299853683
2025-06-05,523.0420430214144
2025-06-06,23137.693862104323
2025-06-09,118.63920756289735
2025-06-10,15199.351441275794
2025-06-11,3878.570544638671
2025-06-12,6961.718474910129
2025-06-13,-29676.31346208509
2025-06-16,26514.36781242583
2025-06-17,-19268.1078660395
2025-06-18,-449.336025304161
2025-06-20,-575.2554981485009
2025-06-23,21336.255178264342
2025-06-24,28390.247721210588
2025-06-25,-13078.791605752427
2025-06-26,25117.542296559084
2025-06-27,10351.408354382962
2025-06-30,10073.601703809109
2025-07-01,12327.367803587578
2025-07-02,8027.313782513607
2025-07-03,23032.625702084973
2025-07-07,-10993.275678737089
2025-07-08,794.3894107630476
2025-07-09,12629.657601680141
2025-07-10,14323.006315009203
2025-07-11,-3826.8216252187267
2025-07-14,10830.848178044427
2025-07-15,-25419.296429272275
2025-07-16,9150.82698918879
2025-07-17,18858.415470093023
2025-07-18,7120.706519716885
2025-07-21,-3325.2742234063335
2025-07-22,6696.08524865238
2025-07-23,28094.434203899466
2025-07-24,3888.371795414947
2025-07-25,17180.073823137674
2025-07-28,-4353.116123786662
2025-07-29,-16166.811214186717
2025-07-30,-9060.060468393844
2025-07-31,-31227.854897492565
2025-08-01,-23875.810404970776
2025-08-04,37350.25257804105
2025-08-05,-18254.923175609205
2025-08-06,3350.663913977798
2025-08-07,-19992.14267630689
2025-08-08,8309.681029390544
2025-08-11,-7773.574437056668
2025-08-12,41047.84417462675
2025-08-13,22251.421813713852
2025-08-14,-33742.138547312934
2025-08-15,-9933.300058266148
2025-08-18,-824.0051237721927
2025-08-19,4875.563734217081
2025-08-20,1684.748651016038
2025-08-21,-4590.092653859872
2025-08-22,34508.42493457766
2025-08-25,-14885.855767183471
2025-08-26,20160.64128843136
2025-08-27,4534.941676641349
2025-08-28,7668.597661768552
2025-08-29,-14863.677573506255
2025-09-02,-10715.434066649992
2025-09-03,226.47939745848998
2025-09-04,25553.353123965673
2025-09-05,-5037.45895779226
2025-09-08,3794.234828372486
2025-09-09,-6260.9847563887015
2025-09-10,15483.359510167036
2025-09-11,31086.144337195437
2025-09-12,-15806.747992461547
2025-09-15,12134.895001065452
2025-09-16,-6497.374436299317
2025-09-17,687.592273992952
2025-09-18,30779.57436725311
2025-09-19,-3977.394048672635
2025-09-22,5827.852047836408
2025-09-23,4066.1101813497953
2025-09-24,-753.9532624320127
2025-09-25,-25013.715174663346
2025-09-26,28817.511191006284
2025-09-29,7649.716184488498
2025-09-30,12631.063110558316
2025-10-01,23357.854151872452
2025-10-02,11431.929066095967
2025-10-03,1508.9950547888875
2025-10-06,12855.663884561509
2025-10-07,-24423.720321062952
2025-10-08,13932.888839221094
2025-10-09,-28528.320887193084
2025-10-10,-69116.15764363762
2025-10-13,41888.91934079956
2025-10-14,24424.4309816109
2025-10-15,11750.776126696263
2025-10-16,-29312.54434451135
2025-10-17,7112.614860956557
2025-10-20,27549.871327498462
2025-10-21,12781.603080947418
2025-10-22,-26339.691322355997
2025-10-23,11586.498047649395
2025-10-24,15360.325673962943
2025-10-27,9987.057428745087
2025-10-28,-27225.910717910156
2025-10-29,-7520.929328145925
2025-10-30,-4670.172847261652
2025-10-31,-1310.2678864127956
2025-11-03,145.77265668427572
2025-11-04,-20456.874921400566
2025-11-05,29488.616806829814
2025-11-06,-21708.15997354174
2025-11-07,21271.63616550574
2025-11-10,32205.900951575954
2025-11-11,-5964.910421248991
2025-11-12,16003.185662072618
2025-11-13,-43923.04680864187
2025-11-14,-11329.024248480331
2025-11-17,-32010.954997913446
2025-11-18,7915.223305523861
2025-11-19,13800.187086208723
2025-11-20,-41257.97643298097
2025-11-21,50545.17719735345
2025-11-24,25199.861840749625
2025-11-25,39682.472847189754
2025-11-26,20210.126458380837
2025-11-28,5793.956907012034
2025-12-01,-19381.55701471353
2025-12-02,3648.9670362924226
2025-12-03,20520.64298242703
2025-12-04,18.02452466217801
2025-12-05,7672.363771379925
2025-12-08,-12130.15944333328
2025-12-09,1358.2811946743168
2025-12-10,31895.419547031168
2025-12-11,29700.80358129507
2025-12-12,-29252.341149392538
2025-12-15,11137.041111859959
2025-12-16,-13698.136192095466
2025-12-17,-32213.27640526276
2025-12-18,24587.44492857298
2025-12-19,18375.269514145795
2025-12-22,29922.824637688696
2025-12-23,615.2178915096447
2025-12-24,10716.640008623712
2025-12-26,2696.9348756209947
2025-12-29,-12216.002881600522
2025-12-30,-7588.990212413482
2025-12-31,-27276.38722300157
2026-01-02,44829.161395469215
2026-01-05,25356.576689483132
2026-01-06,45097.1364869969
2026-01-07,-21713.557907602284
2026-01-08,10208.882826975081
2026-01-09,24554.075704071205
2026-01-12,4684.8359531555325
2026-01-13,1948.538862565998
2026-01-14,-10377.249910025392
2026-01-15,24887.899962584488
2026-01-16,10319.359269544948
2026-01-20,-44566.3684360669
2026-01-21,54117.07171498705
2026-01-22,-7069.618221595883
2026-01-23,-17970.997089075856
2026-01-26,6598.845814270899
2026-01-27,19868.239317046944
2026-01-28,-8789.393878235016
2026-01-29,6455.866875383537
2026-01-30,-40506.94183735084
2026-02-02,21908.27250986593
2026-02-03,-11695.280106079299
2026-02-04,21359.977543810848
2026-02-05,1028.4140527849086
2026-02-06,92741.96426623128
2026-02-09,-4800.225641599391
2026-02-10,-9987.760350831784
2026-02-11,20728.075935383327
2026-02-12,-24728.139260678552
2026-02-13,22728.359555271454
2026-02-17,-4582.430473229848
2026-02-18,6588.180197566282
2026-02-19,2833.883993194904
2026-02-20,23995.736349049024
2026-02-23,-33226.6859427318
2026-02-24,31637.88126015477
2026-02-25,6716.97442571912
2026-02-26,11933.565622533672
2026-02-27,-19576.875305648893
2026-03-02,-2836.099936413113
2026-03-03,-50539.10114407493
2026-03-04,24922.91725889733
2026-03-05,-49619.24439651938
2026-03-06,-52530.862118633464
2026-03-09,35160.78309939196
2026-03-10,-5114.515295395628
2026-03-11,-10652.149604242295
2026-03-12,-51512.9807062773
2026-03-13,-8519.76698323898
2026-03-16,26171.346865118016
2026-03-17,12321.751058093272
2026-03-18,-33896.563539403025
2026-03-19,20035.052629214246
2026-03-20,-33102.05295316083
2026-03-23,37760.624171978794
2026-03-24,20115.266225257423
2026-03-25,2332.2016870728694
2026-03-26,-60906.2425640109
2026-03-27,-30296.137581114657
2026-03-30,-27454.00287952693
2026-03-31,70818.72513729241
2026-04-01,33067.56514214305
2026-04-02,-10727.764250722714
2026-04-06,20437.92040453665
2026-04-07,-9722.694126451854
2026-04-08,103167.7111852942
2026-04-09,27786.94823013572
2026-04-10,-17448.482367744204
2026-04-13,29229.899266844615
2026-04-14,6382.814769207966
2026-04-15,-19944.26691783406
2026-04-16,-2036.3668623925187
2026-04-17,59139.56270112423
2026-04-20,2004.536750920117
2026-04-21,-19244.979652980343
2026-04-22,12016.685363595374
2026-04-23,48931.597379361745
2026-04-24,1720.0615130751394
2026-04-27,-8427.90522087831
2026-04-28,-21099.122817624826
2026-04-29,-16430.024770849384
2026-04-30,100379.64210875984
2026-05-01,-9373.05880486779
2026-05-04,-14734.476534539834
2026-05-05,34375.046098101884
2026-05-06,65583.45190336183
2026-05-07,-86806.45745167322
2026-05-08,10059.544114170596
2026-05-11,16174.392355087679
2026-05-12,-8888.334923421498
2026-05-13,12725.85896224901
2026-05-14,16478.353570656385
2026-05-15,-41264.11283486523
2026-05-18,-19361.146334283054
2026-05-19,-18994.060438629705
2026-05-20,38819.8336543371
2026-05-21,10505.993452237919
2026-05-22,30930.874795914162
2026-05-26,48178.67397697456
2026-05-27,-11326.230756547302
2026-05-28,8320.709546403028
2026-05-29,-21783.806381463073
2026-06-01,-38983.76395704644
2026-06-02,35716.21690050373
2026-06-03,26573.054412088823
2026-06-04,30120.641933349892
2026-06-05,-71892.9028263758
2026-06-08,36983.367093028035
2026-06-09,25368.82597211795
2026-06-10,-59644.71648825798
2026-06-11,106715.25157176238
2026-06-12,44439.75341399433
2026-06-15,43012.2008579541
2026-06-16,-36063.296148497146
2026-06-17,-37655.68490029266
2026-06-18,22519.083455899265
2026-06-22,59269.45715395594
2026-06-23,-80506.90470485203
2026-06-24,13061.889122538269
2026-06-25,60151.27690955717
2026-06-26,-34038.02846495481
2026-06-29,65079.56345822662
2026-06-30,42503.40822734684
2026-07-01,-83876.10871413024
2026-07-02,-50460.52831204655
2026-07-06,7838.90600479627
2026-07-07,-44802.850879644975
2026-07-08,-16307.830274410546
2026-07-09,31101.48132533068
2026-07-10,7119.257225069217
2026-07-13,-39283.38792847423
2026-07-14,16226.944529643748
2026-07-15,-10361.625441452488
2026-07-16,548.7006627609953
2026-07-17,-29078.787614574656
2026-07-20,-25925.960492329672
2026-07-21,35366.52375966543
2026-07-22,3100.660893159453
2026-07-23,5034.6294997232035
2026-07-24,-3571.503947939258
