Date,Portfolio_Dollar_Value
2020-07-24,1000000.0
2020-07-27,1002901.5383549833
2020-07-28,996076.713843409
2020-07-29,1012147.976276804
2020-07-30,1004080.1006689903
2020-07-31,997377.4514671221
2020-08-03,1000115.5906922414
2020-08-04,1004289.5660593458
2020-08-05,1014408.6487590988
2020-08-06,1013830.7115114231
2020-08-07,1026970.1757034038
2020-08-10,1042993.6434789222
2020-08-11,1038730.3881651826
2020-08-12,1045959.9729603233
2020-08-13,1039687.8447908631
2020-08-14,1043983.5666119242
2020-08-17,1045443.9025361657
2020-08-18,1039049.254088316
2020-08-19,1036250.1084113247
2020-08-20,1028310.1328669313
2020-08-21,1026185.7475995411
2020-08-24,1044970.5407050571
2020-08-25,1045146.1534125217
2020-08-26,1042405.3206592703
2020-08-27,1046677.0527761304
2020-08-28,1056835.8240519355
2020-08-31,1045194.667201212
2020-09-01,1051339.0297201548
2020-09-02,1071467.9647581156
2020-09-03,1046888.4457921366
2020-09-04,1046568.876824904
2020-09-08,1021417.1496876354
2020-09-09,1032557.6538783625
2020-09-10,1016322.50993411
2020-09-11,1020121.4039084566
2020-09-14,1039635.3247403977
2020-09-15,1040301.1910152516
2020-09-16,1049821.9235753291
2020-09-17,1043249.7925674152
2020-09-18,1030517.5918595148
2020-09-21,1005635.3301131134
2020-09-22,1010365.1535328495
2020-09-23,990363.6271313081
2020-09-24,992304.0971417177
2020-09-25,1004147.1134287993
2020-09-28,1024526.3669260775
2020-09-29,1014709.2215638185
2020-09-30,1022682.3129778677
2020-10-01,1027245.767353046
2020-10-02,1033778.771594102
2020-10-05,1057290.594033002
2020-10-06,1043105.0810450969
2020-10-07,1064384.1994509299
2020-10-08,1079788.4220813739
2020-10-09,1082919.7572829549
2020-10-12,1091601.1381347752
2020-10-13,1078455.5086057072
2020-10-14,1072595.4196126263
2020-10-15,1073197.1031878733
2020-10-16,1074133.4001367402
2020-10-19,1059481.8373996112
2020-10-20,1065234.8794015818
2020-10-21,1062886.2186414073
2020-10-22,1073271.8364334663
2020-10-23,1077011.5214621641
2020-10-26,1053709.8799129846
2020-10-27,1038341.2136169298
2020-10-28,1007883.0196837443
2020-10-29,1026331.8102084338
2020-10-30,1024022.0812262135
2020-11-02,1051476.434828163
2020-11-03,1075120.6757663735
2020-11-04,1073672.7970473228
2020-11-05,1097417.3166804833
2020-11-06,1093680.8055136846
2020-11-09,1147905.9857908709
2020-11-10,1159070.4964785199
2020-11-11,1151692.709894287
2020-11-12,1137008.4670982037
2020-11-13,1163820.0883651823
2020-11-16,1188787.4203101469
2020-11-17,1186575.789960917
2020-11-18,1173959.281760197
2020-11-19,1178855.5276765095
2020-11-20,1172504.5472567775
2020-11-23,1191951.4762070025
2020-11-24,1217297.0038586624
2020-11-25,1207086.4514711138
2020-11-27,1206680.179840219
2020-11-30,1189547.4839354884
2020-12-01,1205758.2274612284
2020-12-02,1209109.050466005
2020-12-03,1214278.0569663395
2020-12-04,1231282.0461601522
2020-12-07,1228760.1911928367
2020-12-08,1230947.8213570928
2020-12-09,1230214.70881782
2020-12-10,1225830.9037999352
2020-12-11,1216623.7516644576
2020-12-14,1202551.670582051
2020-12-15,1220565.0251611676
2020-12-16,1217891.1664063702
2020-12-17,1223955.1358144311
2020-12-18,1214786.067051061
2020-12-21,1212074.0981189797
2020-12-22,1207863.7432699155
2020-12-23,1216801.2274567822
2020-12-24,1220649.6461614736
2020-12-28,1224120.5067199382
2020-12-29,1218087.3039880933
2020-12-30,1229523.1411718004
2020-12-31,1238178.3359359575
2021-01-04,1218943.2421581624
2021-01-05,1230792.450433845
2021-01-06,1267731.41120525
2021-01-07,1282439.8974314132
2021-01-08,1280938.9775659507
2021-01-11,1283123.6549586323
2021-01-12,1294840.8471748799
2021-01-13,1289033.6614012788
2021-01-14,1301182.6261600011
2021-01-15,1289706.2180840299
2021-01-19,1305472.73675197
2021-01-20,1313250.612207058
2021-01-21,1304754.5540661043
2021-01-22,1300397.8195286195
2021-01-25,1293845.5137936524
2021-01-26,1281010.906926955
2021-01-27,1245425.5655117081
2021-01-28,1269460.155861985
2021-01-29,1241673.3833302786
2021-02-01,1260118.8440698993
2021-02-02,1276401.7601116823
2021-02-03,1279695.9054584168
2021-02-04,1296456.0279077222
2021-02-05,1303334.7547933264
2021-02-08,1325668.6097407122
2021-02-09,1324150.977399477
2021-02-10,1331202.048168488
2021-02-11,1340215.158179473
2021-02-12,1345166.9211788322
2021-02-16,1350495.6543173206
2021-02-17,1347916.2603050459
2021-02-18,1337082.0554638822
2021-02-19,1351154.6414421892
2021-02-22,1354267.6475173081
2021-02-23,1360072.3895535665
2021-02-24,1386925.3269686692
2021-02-25,1351084.2832745935
2021-02-26,1343339.3176993628
2021-03-01,1372793.664764422
2021-03-02,1360857.694716674
2021-03-03,1352215.5740592873
2021-03-04,1333526.3263706348
2021-03-05,1365498.2048246246
2021-03-08,1374676.6447296462
2021-03-09,1377193.1577289496
2021-03-10,1386814.4004256995
2021-03-11,1399467.4254413983
2021-03-12,1410852.640214977
2021-03-15,1420457.0937450735
2021-03-16,1401371.5843627825
2021-03-17,1412345.0113058602
2021-03-18,1397883.1009262644
2021-03-19,1392860.4275168804
2021-03-22,1387689.4843343531
2021-03-23,1363598.1836105876
2021-03-24,1364282.4984338323
2021-03-25,1381498.8501202576
2021-03-26,1408509.116903058
2021-03-29,1396353.834886166
2021-03-30,1406059.911148065
2021-03-31,1402489.430270369
2021-04-01,1418995.5903365691
2021-04-05,1439571.1468314752
2021-04-06,1437192.775318461
2021-04-07,1434752.900834021
2021-04-08,1438777.9618781605
2021-04-09,1450702.920650084
2021-04-12,1451358.3449973299
2021-04-13,1446883.255606035
2021-04-14,1450240.6119675562
2021-04-15,1459024.8898844859
2021-04-16,1465162.5797678626
2021-04-19,1454338.271089469
2021-04-20,1435751.390996413
2021-04-21,1455197.7418706252
2021-04-22,1445694.6012843195
2021-04-23,1463845.4853852028
2021-04-26,1467123.8728005323
2021-04-27,1470813.4227428888
2021-04-28,1471866.904389799
2021-04-29,1483226.6040468419
2021-04-30,1474808.0465499284
2021-05-03,1483954.5458791198
2021-05-04,1481091.699891803
2021-05-05,1488828.7057411799
2021-05-06,1499730.7316139087
2021-05-07,1518883.1934018931
2021-05-10,1507250.9079403635
2021-05-11,1490046.9211867773
2021-05-12,1452238.160663513
2021-05-13,1477990.0721565138
2021-05-14,1503980.5850031325
2021-05-17,1502956.4499250818
2021-05-18,1484932.2210090999
2021-05-19,1477670.5896336238
2021-05-20,1485482.2705249349
2021-05-21,1487408.356185353
2021-05-24,1497546.1737803589
2021-05-25,1489982.9232001961
2021-05-26,1498458.1162630713
2021-05-27,1509287.7569175907
2021-05-28,1511346.7715416932
2021-06-01,1520891.5708637796
2021-06-02,1515045.9406019538
2021-06-03,1513732.2120782346
2021-06-04,1518402.2659463286
2021-06-07,1516008.4122303254
2021-06-08,1519594.6487136844
2021-06-09,1508513.19490103
2021-06-10,1507241.7413638392
2021-06-11,1512688.2664941265
2021-06-14,1506509.107285207
2021-06-15,1509202.8031380454
2021-06-16,1499547.5278923705
2021-06-17,1478130.912439416
2021-06-18,1449053.1838336494
2021-06-21,1480481.0868478615
2021-06-22,1482173.8604201777
2021-06-23,1482132.37524593
2021-06-24,1496772.1334194192
2021-06-25,1503071.1434098587
2021-06-28,1493138.3423056433
2021-06-29,1488398.617710692
2021-06-30,1494916.1010644226
2021-07-01,1499881.4981889885
2021-07-02,1502934.9554132319
2021-07-06,1486127.6657486204
2021-07-07,1484445.1823327527
2021-07-08,1470455.254919682
2021-07-09,1498725.450763856
2021-07-12,1507319.4908003628
2021-07-13,1492163.3033873236
2021-07-14,1489008.7719209509
2021-07-15,1485548.370268125
2021-07-16,1469260.8617427202
2021-07-19,1440630.7179968986
2021-07-20,1472039.9013404953
2021-07-21,1495372.2607137375
2021-07-22,1485980.4139338543
2021-07-23,1498418.3043117037
2021-07-26,1507627.0126799436
2021-07-27,1503470.2198976374
2021-07-28,1506798.346161706
2021-07-29,1518116.3177990203
2021-07-30,1519547.4125431033
2021-08-02,1515068.978384763
2021-08-03,1532678.0222103028
2021-08-04,1517174.2402040772
2021-08-05,1528204.3842416087
2021-08-06,1537166.1481740254
2021-08-09,1532126.8475701695
2021-08-10,1543618.1122859025
2021-08-11,1555524.8478630101
2021-08-12,1555948.324548923
2021-08-13,1552097.6032851767
2021-08-16,1550972.7308914396
2021-08-17,1534453.924099341
2021-08-18,1519933.1707977757
2021-08-19,1512800.3048891271
2021-08-20,1520981.7205620187
2021-08-23,1537177.7527691042
2021-08-24,1546285.4720099927
2021-08-25,1559417.0164520887
2021-08-26,1546075.63680212
2021-08-27,1566588.4840829237
2021-08-30,1558826.1595115336
2021-08-31,1558203.7023783731
2021-09-01,1554188.7619742132
2021-09-02,1568975.799808153
2021-09-03,1564782.143476586
2021-09-07,1550147.1230265594
2021-09-08,1545264.525692581
2021-09-09,1544172.7534650106
2021-09-10,1533751.6599896657
2021-09-13,1543196.5021479996
2021-09-14,1531653.786811843
2021-09-15,1547375.524559126
2021-09-16,1542783.6861426942
2021-09-17,1530736.961588003
2021-09-20,1503105.64264861
2021-09-21,1500571.89559027
2021-09-22,1522165.1051656827
2021-09-23,1548395.4632356982
2021-09-24,1547757.4251098873
2021-09-27,1554539.343215328
2021-09-28,1529600.397514714
2021-09-29,1531420.9697115503
2021-09-30,1504546.8579223256
2021-10-01,1524607.4470848076
2021-10-04,1512688.628748009
2021-10-05,1523752.993634762
2021-10-06,1520776.6905885357
2021-10-07,1535924.1913071028
2021-10-08,1534458.4602175548
2021-10-11,1526804.6818140585
2021-10-12,1529982.380138304
2021-10-13,1531093.844670751
2021-10-14,1560700.909638354
2021-10-15,1567661.0905487067
2021-10-18,1568277.3031695087
2021-10-19,1571141.2956414057
2021-10-20,1582738.7783384405
2021-10-21,1583924.7328028947
2021-10-22,1591031.853845933
2021-10-25,1599223.658514077
2021-10-26,1594115.793351805
2021-10-27,1569395.608585226
2021-10-28,1593831.6610375587
2021-10-29,1589713.3561043858
2021-11-01,1596156.4850690125
2021-11-02,1604886.7575819609
2021-11-03,1616228.8692464852
2021-11-04,1618983.2241971747
2021-11-05,1634263.169915933
2021-11-08,1637160.6736505881
2021-11-09,1637326.268459417
2021-11-10,1623002.1587299064
2021-11-11,1632866.3417561701
2021-11-12,1641458.1323517407
2021-11-15,1645039.6003114602
2021-11-16,1646217.8515758275
2021-11-17,1634223.3443669393
2021-11-18,1631012.9205101505
2021-11-19,1622729.5399290584
2021-11-22,1622242.6871014314
2021-11-23,1634564.6879979495
2021-11-24,1631647.1016978428
2021-11-26,1583496.810599106
2021-11-29,1598669.0952850855
2021-11-30,1550626.2531263765
2021-12-01,1533772.313864788
2021-12-02,1572631.2787679264
2021-12-03,1560967.201771917
2021-12-06,1587172.8870701988
2021-12-07,1618252.6745300672
2021-12-08,1619255.492168494
2021-12-09,1604377.9858643042
2021-12-10,1615021.5434874487
2021-12-13,1592505.8661098806
2021-12-14,1582781.9977570514
2021-12-15,1601585.3449389348
2021-12-16,1591386.5110018689
2021-12-17,1567892.554952494
2021-12-20,1542956.2026376037
2021-12-21,1578397.4634339323
2021-12-22,1589677.2445416213
2021-12-23,1602184.9378939187
2021-12-27,1625917.501303925
2021-12-28,1625789.214233706
2021-12-29,1631482.2260488335
2021-12-30,1626933.7003087774
2021-12-31,1629348.0533924021
2022-01-03,1632734.7142308988
2022-01-04,1651395.640183278
2022-01-05,1621684.6831007367
2022-01-06,1629715.2962406543
2022-01-07,1622615.4877992661
2022-01-10,1612774.3427987604
2022-01-11,1630544.089632043
2022-01-12,1634351.2260348825
2022-01-13,1628516.499007188
2022-01-14,1629454.389051994
2022-01-18,1599216.3587260265
2022-01-19,1576670.5697654372
2022-01-20,1557464.1152179772
2022-01-21,1534102.4530583932
2022-01-24,1550109.1703728195
2022-01-25,1532149.7780336027
2022-01-26,1524644.9851698612
2022-01-27,1514052.0536805883
2022-01-28,1534860.5966515183
2022-01-31,1559035.3263505504
2022-02-01,1573642.5478878857
2022-02-02,1588740.4876276443
2022-02-03,1563042.1659226427
2022-02-04,1558565.8326560946
2022-02-07,1554751.982600016
2022-02-08,1568423.8847108877
2022-02-09,1597749.7436265696
2022-02-10,1576513.048850688
2022-02-11,1552546.8894788357
2022-02-14,1540466.8905395675
2022-02-15,1572699.8962598615
2022-02-16,1583456.1912651106
2022-02-17,1547870.5497961482
2022-02-18,1542717.340744048
2022-02-22,1525379.364047735
2022-02-23,1499154.0473489247
2022-02-24,1515413.1286943024
2022-02-25,1554089.260088417
2022-02-28,1546272.3343029968
2022-03-01,1512907.6450642142
2022-03-02,1553389.435890401
2022-03-03,1552711.3400143941
2022-03-04,1533886.5996880196
2022-03-07,1480028.7993822906
2022-03-08,1486333.3301285768
2022-03-09,1527560.1861085785
2022-03-10,1528438.1688526564
2022-03-11,1511109.5689310601
2022-03-14,1507067.707362901
2022-03-15,1531253.4809053023
2022-03-16,1562731.626201021
2022-03-17,1583109.4185524934
2022-03-18,1592832.9481007364
2022-03-21,1587964.2293986
2022-03-22,1601385.6191350883
2022-03-23,1580542.6277854329
2022-03-24,1603184.3337997799
2022-03-25,1616863.3289093433
2022-03-28,1618255.7342682483
2022-03-29,1644381.6758368618
2022-03-30,1628734.8289909025
2022-03-31,1603898.6088540475
2022-04-01,1605321.6454629262
2022-04-04,1608689.5429757556
2022-04-05,1586711.3893932323
2022-04-06,1581035.0653935398
2022-04-07,1586856.5183620264
2022-04-08,1592686.342932884
2022-04-11,1576927.3284168444
2022-04-12,1575340.94276526
2022-04-13,1593788.873335223
2022-04-14,1585332.9963744543
2022-04-18,1588930.9459971234
2022-04-19,1617320.6300651256
2022-04-20,1624654.9740834995
2022-04-21,1597252.3544436847
2022-04-22,1551355.287168277
2022-04-25,1554096.4048368952
2022-04-26,1518099.5106631615
2022-04-27,1518516.5987409463
2022-04-28,1551793.256415737
2022-04-29,1500914.7957445444
2022-05-02,1502133.9533565624
2022-05-03,1516806.7729500544
2022-05-04,1559034.8544594867
2022-05-05,1509668.4403268076
2022-05-06,1500125.545244613
2022-05-09,1448013.8140856149
2022-05-10,1443770.942178389
2022-05-11,1431028.6231627255
2022-05-12,1438417.3290240797
2022-05-13,1472590.811522802
2022-05-16,1468784.9146259273
2022-05-17,1498918.745315515
2022-05-18,1436388.5335962065
2022-05-19,1430903.8713272219
2022-05-20,1427271.6667449183
2022-05-23,1454964.15226484
2022-05-24,1443945.2910406634
2022-05-25,1467450.1203703568
2022-05-26,1502941.060902997
2022-05-27,1541740.8224555696
2022-05-31,1524453.968928099
2022-06-01,1511406.1174986286
2022-06-02,1539991.1086072337
2022-06-03,1526809.754793641
2022-06-06,1532045.6495428013
2022-06-07,1550357.360879582
2022-06-08,1531229.3315207975
2022-06-09,1497515.4238641385
2022-06-10,1452090.0806760052
2022-06-13,1395177.7058880287
2022-06-14,1390972.146914666
2022-06-15,1406694.057585651
2022-06-16,1351424.266097306
2022-06-17,1354368.4216381193
2022-06-21,1376595.4354042078
2022-06-22,1368912.9358124186
2022-06-23,1375082.1870255768
2022-06-24,1419879.2264231935
2022-06-27,1417501.9843079578
2022-06-28,1399725.1288446216
2022-06-29,1385409.459598125
2022-06-30,1378241.4568069675
2022-07-01,1388092.2171512996
2022-07-05,1382162.6522748645
2022-07-06,1378844.3839511152
2022-07-07,1406009.2027949195
2022-07-08,1400226.7396038799
2022-07-11,1389905.626388736
2022-07-12,1379853.748758893
2022-07-13,1371373.5453207337
2022-07-14,1360446.6429928734
2022-07-15,1383255.1857190456
2022-07-18,1378674.1353531908
2022-07-19,1421116.1534687546
2022-07-20,1428971.7141340047
2022-07-21,1438167.1793945376
2022-07-22,1428830.404668085
2022-07-25,1437508.3826477781
2022-07-26,1423220.221804105
2022-07-27,1452661.2466054568
2022-07-28,1473629.2340339588
2022-07-29,1486628.4835082467
2022-08-01,1480854.4153168856
2022-08-02,1470026.2141145556
2022-08-03,1481898.0870398183
2022-08-04,1472940.5490643634
2022-08-05,1479974.001920604
2022-08-08,1484422.1015380402
2022-08-09,1474439.4835788924
2022-08-10,1510233.6029395156
2022-08-11,1521938.564388594
2022-08-12,1544956.0503516055
2022-08-15,1546668.639803565
2022-08-16,1553016.6522389944
2022-08-17,1540861.805367109
2022-08-18,1547772.9946281365
2022-08-19,1528131.9931246284
2022-08-22,1497656.103650379
2022-08-23,1498424.8331539626
2022-08-24,1509714.299165729
2022-08-25,1533337.350837514
2022-08-26,1487598.281305052
2022-08-29,1480702.7819762214
2022-08-30,1463004.3041119848
2022-08-31,1453172.7389119125
2022-09-01,1454107.4109899793
2022-09-02,1446138.5346994738
2022-09-06,1439949.7920126442
2022-09-07,1472012.650108858
2022-09-08,1485131.9851598942
2022-09-09,1509118.173306495
2022-09-12,1523348.8855292108
2022-09-13,1462779.7117399366
2022-09-14,1469141.1824561676
2022-09-15,1455643.4500941
2022-09-16,1440645.2380315806
2022-09-19,1452612.5167307889
2022-09-20,1429502.9824015603
2022-09-21,1404331.2534791066
2022-09-22,1383999.2926517623
2022-09-23,1353000.4076766795
2022-09-26,1329395.804058576
2022-09-27,1329997.6633286127
2022-09-28,1366720.0377425188
2022-09-29,1341532.2747706824
2022-09-30,1324558.063558098
2022-10-03,1366200.1146996939
2022-10-04,1412085.5471154437
2022-10-05,1407978.709680252
2022-10-06,1395163.867528847
2022-10-07,1361109.2770386161
2022-10-10,1351547.015269156
2022-10-11,1347558.592062438
2022-10-12,1339274.0762223464
2022-10-13,1372451.9063727048
2022-10-14,1335259.904374011
2022-10-17,1365259.589980088
2022-10-18,1384134.7966208626
2022-10-19,1372869.9178797733
2022-10-20,1358271.2164090893
2022-10-21,1392517.4166678449
2022-10-24,1408618.385386648
2022-10-25,1440553.1260693518
2022-10-26,1438415.4991954006
2022-10-27,1443357.4813233346
2022-10-28,1469098.2727196743
2022-10-31,1466688.3995175555
2022-11-01,1466643.5262555687
2022-11-02,1430763.7121734475
2022-11-03,1434893.5335721057
2022-11-04,1460022.4155638348
2022-11-07,1470984.3418584657
2022-11-08,1479427.8504073475
2022-11-09,1449305.3638664905
2022-11-10,1522029.498758793
2022-11-11,1536753.4546358564
2022-11-14,1515521.4720789967
2022-11-15,1529447.7299132978
2022-11-16,1511589.5592675367
2022-11-17,1509096.4488650279
2022-11-18,1521154.9816090045
2022-11-21,1517851.1043413642
2022-11-22,1539794.2993534363
2022-11-23,1543189.6732336702
2022-11-25,1548236.4656210376
2022-11-28,1523024.385785245
2022-11-29,1531007.3030157934
2022-11-30,1566894.211258055
2022-12-01,1567267.1422254178
2022-12-02,1568577.803954262
2022-12-05,1537553.228765352
2022-12-06,1525268.5298509363
2022-12-07,1523339.695971474
2022-12-08,1535691.7196461833
2022-12-09,1519796.6821013174
2022-12-12,1546842.320811227
2022-12-13,1559312.3360043112
2022-12-14,1547455.8402297671
2022-12-15,1510993.4174316672
2022-12-16,1493734.4169068912
2022-12-19,1482742.0716733644
2022-12-20,1487444.6423432583
2022-12-21,1511924.8197862639
2022-12-22,1492997.487247959
2022-12-23,1506452.444927016
2022-12-27,1510305.440638183
2022-12-28,1488642.5912403907
2022-12-29,1512608.8336717112
2022-12-30,1510757.8092457403
2023-01-03,1507328.2548476832
2023-01-04,1520700.6224776376
2023-01-05,1504262.5583270488
2023-01-06,1542397.6867551573
2023-01-09,1538445.119599613
2023-01-10,1547060.5917433985
2023-01-11,1565444.351744306
2023-01-12,1575507.4557618639
2023-01-13,1579326.8298904053
2023-01-17,1573715.4230009334
2023-01-18,1551678.5568005026
2023-01-19,1535441.1427583995
2023-01-20,1562210.5015162847
2023-01-23,1581459.140301078
2023-01-24,1578303.2826608038
2023-01-25,1581223.440130592
2023-01-26,1600181.5969593974
2023-01-27,1600674.5498061639
2023-01-30,1585774.1309956547
2023-01-31,1614869.212349983
2023-02-01,1627381.7747545438
2023-02-02,1632357.4197005632
2023-02-03,1616009.096818088
2023-02-06,1604255.4593974187
2023-02-07,1626685.5361998163
2023-02-08,1608167.4429598725
2023-02-09,1597758.4134684957
2023-02-10,1602280.3637390062
2023-02-13,1619494.0298023538
2023-02-14,1613780.1379122606
2023-02-15,1621138.0997128796
2023-02-16,1601038.6638401512
2023-02-17,1595131.7255767782
2023-02-21,1561221.1515457537
2023-02-22,1563254.3583653527
2023-02-23,1571820.3432637805
2023-02-24,1562938.9206819513
2023-02-27,1567148.871529191
2023-02-28,1562028.8886797652
2023-03-01,1559842.701476792
2023-03-02,1572645.5051216844
2023-03-03,1593397.0850794436
2023-03-06,1586003.9475147328
2023-03-07,1563296.2682887397
2023-03-08,1565198.4753665337
2023-03-09,1530534.812129606
2023-03-10,1501619.6197545358
2023-03-13,1480790.0735169125
2023-03-14,1501415.083641932
2023-03-15,1471780.7488814536
2023-03-16,1495864.7414406552
2023-03-17,1467155.9244262818
2023-03-20,1486935.5949132708
2023-03-21,1511195.1182953387
2023-03-22,1481230.874999472
2023-03-23,1477897.2264544964
2023-03-24,1484318.3871140035
2023-03-27,1491833.8568706969
2023-03-28,1499643.8390754848
2023-03-29,1520512.804940482
2023-03-30,1529245.9141891552
2023-03-31,1551928.463321949
2023-04-03,1557402.762659453
2023-04-04,1537286.1462249157
2023-04-05,1526768.9033287766
2023-04-06,1527418.2146447287
2023-04-10,1538118.1535215543
2023-04-11,1544868.8477600645
2023-04-12,1540104.9114118633
2023-04-13,1552573.6393033983
2023-04-14,1549345.6724483434
2023-04-17,1555448.0911469252
2023-04-18,1559376.3995442805
2023-04-19,1561086.579894678
2023-04-20,1555827.3764448243
2023-04-21,1551632.2576053806
2023-04-24,1560068.2371666303
2023-04-25,1532604.5482645582
2023-04-26,1516111.4446795147
2023-04-27,1545006.8195184183
2023-04-28,1560606.9585467547
2023-05-01,1559034.0411736504
2023-05-02,1536761.8532609795
2023-05-03,1528732.087119225
2023-05-04,1511114.2619125785
2023-05-05,1541917.438575404
2023-05-08,1539399.6894091812
2023-05-09,1536849.262350666
2023-05-10,1534947.673016498
2023-05-11,1534795.1703619014
2023-05-12,1535882.598921047
2023-05-15,1548283.8554219906
2023-05-16,1529421.0039029357
2023-05-17,1552076.2532254623
2023-05-18,1569660.675801608
2023-05-19,1564448.8390298563
2023-05-22,1561967.3661873527
2023-05-23,1543755.4739556294
2023-05-24,1525185.2317283526
2023-05-25,1533590.396608142
2023-05-26,1540812.971583959
2023-05-30,1536467.5655434334
2023-05-31,1520714.4097145582
2023-06-01,1531264.409420265
2023-06-02,1574141.2404969602
2023-06-05,1568339.288139854
2023-06-06,1582826.9282072224
2023-06-07,1593932.0152029183
2023-06-08,1596833.6632475941
2023-06-09,1593510.4367753465
2023-06-12,1598994.9915261678
2023-06-13,1615079.18848984
2023-06-14,1611610.1962227575
2023-06-15,1626826.9398869686
2023-06-16,1619253.679565884
2023-06-20,1608509.1632436307
2023-06-21,1610554.5892386953
2023-06-22,1606451.1157444315
2023-06-23,1594599.5203780155
2023-06-26,1605810.7912512415
2023-06-27,1627256.5121610106
2023-06-28,1624084.5399616486
2023-06-29,1635858.1566972262
2023-06-30,1650106.5185184164
2023-07-03,1654960.0597986544
2023-07-05,1645573.364334222
2023-07-06,1630920.7354777562
2023-07-07,1635548.46053886
2023-07-10,1653141.03404934
2023-07-11,1669835.4841412238
2023-07-12,1674499.5603141906
2023-07-13,1685466.5073183873
2023-07-14,1675635.8688087699
2023-07-17,1681860.2047138978
2023-07-18,1694056.377676155
2023-07-19,1694608.009595158
2023-07-20,1691239.8538011105
2023-07-21,1695157.2472222454
2023-07-24,1700416.4269768822
2023-07-25,1700910.0434856254
2023-07-26,1701734.299346568
2023-07-27,1700690.9821912819
2023-07-28,1716809.8557799358
2023-07-31,1723940.2214177102
2023-08-01,1722855.0245183846
2023-08-02,1707647.013629394
2023-08-03,1699567.8882971667
2023-08-04,1696153.5933705135
2023-08-07,1719366.87056668
2023-08-08,1720374.5387761192
2023-08-09,1716049.7672836524
2023-08-10,1702505.59345044
2023-08-11,1701395.0343090808
2023-08-14,1706626.8340978883
2023-08-15,1688445.0574586205
2023-08-16,1676235.5393730754
2023-08-17,1662251.7934525749
2023-08-18,1669870.8137199404
2023-08-21,1670839.2886159467
2023-08-22,1661949.9679124192
2023-08-23,1677307.777129896
2023-08-24,1658327.5788237427
2023-08-25,1666373.791465016
2023-08-28,1679809.5250563743
2023-08-29,1697887.0947493275
2023-08-30,1701913.2480423537
2023-08-31,1699074.1240037736
2023-09-01,1710658.3927464222
2023-09-05,1693625.9778537818
2023-09-06,1689868.7574900056
2023-09-07,1684470.5119774078
2023-09-08,1686533.3768595092
2023-09-11,1688017.9939369082
2023-09-12,1687019.4996375716
2023-09-13,1672762.857567057
2023-09-14,1686436.3544103
2023-09-15,1669285.0501602802
2023-09-18,1667869.563296436
2023-09-19,1663610.2968796848
2023-09-20,1655728.143793604
2023-09-21,1622355.9273872783
2023-09-22,1618811.907013065
2023-09-25,1626515.1223988074
2023-09-26,1602910.6710507895
2023-09-27,1610047.7916161253
2023-09-28,1620096.618328228
2023-09-29,1609920.2387812054
2023-10-02,1588721.4869629631
2023-10-03,1567727.3942332927
2023-10-04,1577262.462180017
2023-10-05,1571037.1222317226
2023-10-06,1592388.6937550616
2023-10-09,1603312.417280459
2023-10-10,1617547.6861271092
2023-10-11,1625909.974838914
2023-10-12,1616010.2284747306
2023-10-13,1606473.1333650544
2023-10-16,1627990.0100211345
2023-10-17,1636508.3877345452
2023-10-18,1609275.3411389936
2023-10-19,1588274.5299681944
2023-10-20,1563034.1160958337
2023-10-23,1555828.825436485
2023-10-24,1569039.333235728
2023-10-25,1550791.8124016563
2023-10-26,1551493.5767942625
2023-10-27,1535356.4283488772
2023-10-30,1548056.6062427002
2023-10-31,1559966.5908422738
2023-11-01,1563672.962455051
2023-11-02,1605078.0250689404
2023-11-03,1618831.5160411296
2023-11-06,1615565.2159499773
2023-11-07,1608016.2575450875
2023-11-08,1611575.0982252166
2023-11-09,1600990.2562017357
2023-11-10,1625185.6448334423
2023-11-13,1628823.5523405562
2023-11-14,1668816.5580540765
2023-11-15,1670076.8326771262
2023-11-16,1661427.5502863417
2023-11-17,1672546.4279114446
2023-11-20,1680960.5363963854
2023-11-21,1675861.8877869134
2023-11-22,1683149.0141830137
2023-11-24,1687907.641796913
2023-11-27,1685851.4743885435
2023-11-28,1679632.43660885
2023-11-29,1685407.6651291584
2023-11-30,1697362.6747298145
2023-12-01,1721786.700283172
2023-12-04,1720480.5896176097
2023-12-05,1704848.738344042
2023-12-06,1704097.472628308
2023-12-07,1716950.2089422029
2023-12-08,1728196.3890027823
2023-12-11,1749925.8252240915
2023-12-12,1755485.9664627556
2023-12-13,1791614.124985767
2023-12-14,1811501.683954922
2023-12-15,1803495.3070818621
2023-12-18,1806600.2025322223
2023-12-19,1818251.0370234216
2023-12-20,1789073.2120424344
2023-12-21,1807055.1793420329
2023-12-22,1811387.1103940178
2023-12-26,1826592.9493743884
2023-12-27,1829527.578720846
2023-12-28,1829445.3514250247
2023-12-29,1825172.6349571142
2024-01-02,1820336.1396162184
2024-01-03,1796182.208538297
2024-01-04,1790073.2101256684
2024-01-05,1796153.222386778
2024-01-08,1817502.7651677807
2024-01-09,1808933.844357588
2024-01-10,1810438.0563923817
2024-01-11,1809802.3975554786
2024-01-12,1808039.7592413123
2024-01-16,1796274.2759034552
2024-01-17,1783168.5733293619
2024-01-18,1797910.8007290969
2024-01-19,1818320.6570361871
2024-01-22,1827363.2090338822
2024-01-23,1819725.300087172
2024-01-24,1818964.8491298836
2024-01-25,1843235.1802002424
2024-01-26,1839583.8319825537
2024-01-29,1852673.3560956374
2024-01-30,1853558.5459327588
2024-01-31,1826691.2270091176
2024-02-01,1846679.6259270953
2024-02-02,1853353.0178741585
2024-02-05,1844199.8489244995
2024-02-06,1853031.856678199
2024-02-07,1863434.5091043324
2024-02-08,1875889.2466166962
2024-02-09,1886704.7984535545
2024-02-12,1898081.4767422406
2024-02-13,1872623.5110662333
2024-02-14,1896928.2983590278
2024-02-15,1913393.2760279195
2024-02-16,1913488.564823717
2024-02-20,1904310.7520321156
2024-02-21,1910363.5287593827
2024-02-22,1943863.4452465847
2024-02-23,1943774.765120061
2024-02-26,1939670.3593814296
2024-02-27,1949201.7094654022
2024-02-28,1949553.4940331976
2024-02-29,1958346.7794057098
2024-03-01,1973477.9012049248
2024-03-04,1981434.664875089
2024-03-05,1972292.6715217961
2024-03-06,1983450.7677436054
2024-03-07,1997137.4059091306
2024-03-08,1987877.0792079847
2024-03-11,1981282.6182578364
2024-03-12,1995805.997145241
2024-03-13,2000327.7613083688
2024-03-14,1991047.9143943805
2024-03-15,1982900.3637276087
2024-03-18,1993177.6051522058
2024-03-19,2005622.4573162633
2024-03-20,2027019.7403843561
2024-03-21,2046267.1401031814
2024-03-22,2034243.5977793967
2024-03-25,2027322.9839954637
2024-03-26,2026552.6753083728
2024-03-27,2053124.902004746
2024-03-28,2063817.684198054
2024-04-01,2055765.943151091
2024-04-02,2035715.3658765731
2024-04-03,2035235.5124175036
2024-04-04,2010305.838035376
2024-04-05,2032822.1055294082
2024-04-08,2034879.0691302074
2024-04-09,2028559.4033672868
2024-04-10,2005235.3226451483
2024-04-11,2006622.7091027717
2024-04-12,1979521.6794319507
2024-04-15,1960015.4591428551
2024-04-16,1951403.5831526178
2024-04-17,1937863.8100143643
2024-04-18,1937243.3652591023
2024-04-19,1934828.1307664886
2024-04-22,1952477.6242479314
2024-04-23,1977246.774865435
2024-04-24,1979539.8966750433
2024-04-25,1973218.1752812658
2024-04-26,1986329.4079497035
2024-04-29,1998192.0866661856
2024-04-30,1969405.155526239
2024-05-01,1959013.3122854286
2024-05-02,1959965.7707949125
2024-05-03,1970076.677166289
2024-05-06,1999567.8553554455
2024-05-07,2002136.3893010996
2024-05-08,1999555.2146437764
2024-05-09,2019374.024942939
2024-05-10,2022708.0774097233
2024-05-13,2015265.678327521
2024-05-14,2022407.1221942247
2024-05-15,2050018.2161902427
2024-05-16,2035045.9771025272
2024-05-17,2038909.3643134518
2024-05-20,2045031.028431084
2024-05-21,2049798.2163171966
2024-05-22,2038661.7688606053
2024-05-23,2020575.899513478
2024-05-24,2036103.1599199362
2024-05-28,2020407.5954599222
2024-05-29,2002085.891372448
2024-05-30,2007569.2329699146
2024-05-31,2030647.7149698825
2024-06-03,2018091.8262353234
2024-06-04,2008419.2813739094
2024-06-05,2028337.6738067744
2024-06-06,2016959.5565246774
2024-06-07,2018935.5947153503
2024-06-10,2037125.1549342002
2024-06-11,2026572.7028596646
2024-06-12,2046040.7228207593
2024-06-13,2043378.7736692114
2024-06-14,2027273.919049696
2024-06-17,2048112.013351341
2024-06-18,2058062.4718618724
2024-06-20,2047741.4037252779
2024-06-21,2051571.648287557
2024-06-24,2062455.907566962
2024-06-25,2056091.0934340751
2024-06-26,2044372.5440772052
2024-06-27,2049123.577712442
2024-06-28,2053025.0150788052
2024-07-01,2041599.5765142504
2024-07-02,2046110.4016280402
2024-07-03,2048693.7394093284
2024-07-05,2046989.1764349067
2024-07-08,2058500.8813505303
2024-07-09,2057704.1331017276
2024-07-10,2080383.1109059
2024-07-11,2096367.6993454671
2024-07-12,2112873.3051209017
2024-07-15,2114479.368490717
2024-07-16,2146935.3030005214
2024-07-17,2112280.640676586
2024-07-18,2101702.254614538
2024-07-19,2082100.0510563557
2024-07-22,2112237.3372933054
2024-07-23,2103602.190933651
2024-07-24,2057736.7229291955
2024-07-25,2062796.7817886295
2024-07-26,2093891.446423986
2024-07-29,2095766.4398818072
2024-07-30,2088440.165371106
2024-07-31,2117180.2445684625
2024-08-01,2087322.80284906
2024-08-02,2020018.616567286
2024-08-05,1974594.6344085268
2024-08-06,1996334.6058671349
2024-08-07,1976537.890151886
2024-08-08,2035369.907558591
2024-08-09,2045287.6432556587
2024-08-12,2036607.5886869614
2024-08-13,2065783.8145201807
2024-08-14,2072306.3204999317
2024-08-15,2109109.998824764
2024-08-16,2111375.030927862
2024-08-19,2124451.3110682056
2024-08-20,2117658.5130639425
2024-08-21,2138674.5545071224
2024-08-22,2127747.0094478442
2024-08-23,2156160.174356855
2024-08-26,2149054.9052611683
2024-08-27,2146895.91595315
2024-08-28,2140921.1660706764
2024-08-29,2150739.031104595
2024-08-30,2171618.9996253285
2024-09-03,2123542.465346526
2024-09-04,2119336.1047612415
2024-09-05,2098409.880794777
2024-09-06,2070529.936531081
2024-09-09,2091935.9188205013
2024-09-10,2086848.4633280775
2024-09-11,2100236.012741424
2024-09-12,2117015.9373027557
2024-09-13,2137622.5980746225
2024-09-16,2150264.4715677067
2024-09-17,2155507.3261654032
2024-09-18,2150495.7441313025
2024-09-19,2191628.431580851
2024-09-20,2184695.2104785894
2024-09-23,2193200.8791173627
2024-09-24,2196750.073919114
2024-09-25,2187357.119310038
2024-09-26,2197427.7444507265
2024-09-27,2198374.160476566
2024-09-30,2197281.4056472653
2024-10-01,2182058.952786388
2024-10-02,2181962.9027887075
2024-10-03,2172696.530767808
2024-10-04,2196841.5661347043
2024-10-07,2181961.142056082
2024-10-08,2188618.615371213
2024-10-09,2205076.38649817
2024-10-10,2197026.9121355577
2024-10-11,2222519.8374291956
2024-10-14,2240870.65837952
2024-10-15,2212176.908252199
2024-10-16,2224147.487127418
2024-10-17,2224105.2062846133
2024-10-18,2224602.3548502037
2024-10-21,2209600.1030900567
2024-10-22,2207145.0264525404
2024-10-23,2198895.3918144405
2024-10-24,2202507.7817706536
2024-10-25,2209133.4897417948
2024-10-28,2219990.3166912505
2024-10-29,2215011.1802806356
2024-10-30,2206832.664499785
2024-10-31,2175198.368339601
2024-11-01,2172902.5857985867
2024-11-04,2171721.5508755487
2024-11-05,2206824.244293096
2024-11-06,2263781.4747837447
2024-11-07,2273644.536435607
2024-11-08,2294496.72165967
2024-11-11,2305480.1511103525
2024-11-12,2291479.9961161753
2024-11-13,2286161.67144899
2024-11-14,2277339.097024186
2024-11-15,2255772.4835690293
2024-11-18,2259512.167733524
2024-11-19,2246258.6523493347
2024-11-20,2247115.177623771
2024-11-21,2279437.318346843
2024-11-22,2297802.4987819535
2024-11-25,2322569.213175222
2024-11-26,2328971.5780998026
2024-11-27,2324889.3369149854
2024-11-29,2338302.0431698333
2024-12-02,2333023.3622373934
2024-12-03,2323216.10242515
2024-12-04,2324687.5334157674
2024-12-05,2313478.9762982917
2024-12-06,2311396.287503235
2024-12-09,2290116.753314332
2024-12-10,2272351.2687226436
2024-12-11,2289741.448453775
2024-12-12,2280102.164763283
2024-12-13,2276164.7882335233
2024-12-16,2272998.609108209
2024-12-17,2252021.7980405428
2024-12-18,2184959.8656850182
2024-12-19,2174710.852523278
2024-12-20,2207149.8090406507
2024-12-23,2216517.12377274
2024-12-24,2235373.9127966654
2024-12-26,2240282.4574055537
2024-12-27,2220807.8941174233
2024-12-30,2198780.294418211
2024-12-31,2196418.8473865953
2025-01-02,2189099.249168656
2025-01-03,2216419.830131033
2025-01-06,2218589.7156132273
2025-01-07,2208003.1930629183
2025-01-08,2209769.524056642
2025-01-10,2186179.421075935
2025-01-13,2205061.8126034117
2025-01-14,2223374.3358344347
2025-01-15,2247851.961644204
2025-01-16,2268112.261689884
2025-01-17,2277871.830272659
2025-01-21,2318045.918084005
2025-01-22,2311915.357125875
2025-01-23,2315010.6251804447
2025-01-24,2316192.7872003475
2025-01-27,2273044.4748633876
2025-01-28,2263752.129021086
2025-01-29,2262540.0129721495
2025-01-30,2295155.545161771
2025-01-31,2284044.4249054994
2025-02-03,2267838.2585219834
2025-02-04,2275998.724844351
2025-02-05,2286282.1989378375
2025-02-06,2312527.9891681564
2025-02-07,2292211.2366369306
2025-02-10,2292484.791811265
2025-02-11,2294289.3278227714
2025-02-12,2280199.5445514997
2025-02-13,2292271.3365549804
2025-02-14,2283634.6540460717
2025-02-18,2300044.495465272
2025-02-19,2311230.270901638
2025-02-20,2294002.361311085
2025-02-21,2251833.5280953576
2025-02-24,2242343.301413239
2025-02-25,2247788.670659076
2025-02-26,2261732.5434246105
2025-02-27,2233344.7813542397
2025-02-28,2263971.023705548
2025-03-03,2231140.1599770966
2025-03-04,2191461.338441158
2025-03-05,2216632.088151175
2025-03-06,2179267.611391136
2025-03-07,2187033.908328119
2025-03-10,2137474.0833329037
2025-03-11,2124777.5301456805
2025-03-12,2128076.9377346886
2025-03-13,2101820.717475105
2025-03-14,2152472.1568678124
2025-03-17,2176127.519612871
2025-03-18,2161029.508128601
2025-03-19,2189469.2952966955
2025-03-20,2184203.9427588545
2025-03-21,2175028.1884676176
2025-03-24,2221589.7039169953
2025-03-25,2218129.5103163193
2025-03-26,2196128.4347730177
2025-03-27,2183921.7218227875
2025-03-28,2147573.8931510877
2025-03-31,2164844.049301757
2025-04-01,2175881.242268385
2025-04-02,2197984.4287903723
2025-04-03,2086126.619524241
2025-04-04,1964083.120407459
2025-04-07,1955256.7465272704
2025-04-08,1925759.501945018
2025-04-09,2088599.4897662962
2025-04-10,2021622.9944836015
2025-04-11,2047582.6893946505
2025-04-14,2075209.017669227
2025-04-15,2070110.8291684184
2025-04-16,2037076.792147923
2025-04-17,2061560.671579889
2025-04-21,2017496.1008748803
2025-04-22,2064847.082886096
2025-04-23,2092218.1632903558
2025-04-24,2146698.3381505683
2025-04-25,2146730.875155144
2025-04-28,2152594.6325654155
2025-04-29,2162906.364675025
2025-04-30,2173922.8759159734
2025-05-01,2171433.750723809
2025-05-02,2209896.3558189482
2025-05-05,2204251.680780457
2025-05-06,2182530.958288778
2025-05-07,2195729.6579009136
2025-05-08,2210251.915102422
2025-05-09,2209126.1526371045
2025-05-12,2278220.970606018
2025-05-13,2288991.8559018867
2025-05-14,2270291.452883783
2025-05-15,2288073.3329850156
2025-05-16,2309546.112466274
2025-05-19,2309297.6227385364
2025-05-20,2304140.8085042736
2025-05-21,2258633.8582148617
2025-05-22,2247285.479581906
2025-05-23,2240689.7393148933
2025-05-27,2290353.972064655
2025-05-28,2271961.6688568145
2025-05-29,2276060.688856097
2025-05-30,2281233.2484194357
2025-06-02,2283404.7172937947
2025-06-03,2301960.1087448657
2025-06-04,2298558.8897148804
2025-06-05,2299081.931757902
2025-06-06,2322219.625620006
2025-06-09,2322338.264827569
2025-06-10,2337537.616268845
2025-06-11,2341416.1868134835
2025-06-12,2348377.9052883936
2025-06-13,2318701.5918263085
2025-06-16,2345215.9596387343
2025-06-17,2325947.851772695
2025-06-18,2325498.5157473907
2025-06-20,2324923.260249242
2025-06-23,2346259.5154275065
2025-06-24,2374649.763148717
2025-06-25,2361570.9715429647
2025-06-26,2386688.513839524
2025-06-27,2397039.9221939067
2025-06-30,2407113.523897716
2025-07-01,2419440.8917013034
2025-07-02,2427468.205483817
2025-07-03,2450500.831185902
2025-07-07,2439507.555507165
2025-07-08,2440301.944917928
2025-07-09,2452931.602519608
2025-07-10,2467254.6088346173
2025-07-11,2463427.7872093986
2025-07-14,2474258.635387443
2025-07-15,2448839.3389581707
2025-07-16,2457990.1659473595
2025-07-17,2476848.5814174525
2025-07-18,2483969.2879371694
2025-07-21,2480644.013713763
2025-07-22,2487340.0989624155
2025-07-23,2515434.533166315
2025-07-24,2519322.90496173
2025-07-25,2536502.9787848676
2025-07-28,2532149.862661081
2025-07-29,2515983.051446894
2025-07-30,2506922.9909785003
2025-07-31,2475695.136081008
2025-08-01,2451819.325676037
2025-08-04,2489169.578254078
2025-08-05,2470914.655078469
2025-08-06,2474265.3189924466
2025-08-07,2454273.1763161398
2025-08-08,2462582.8573455303
2025-08-11,2454809.2829084736
2025-08-12,2495857.1270831004
2025-08-13,2518108.548896814
2025-08-14,2484366.4103495013
2025-08-15,2474433.110291235
2025-08-18,2473609.105167463
2025-08-19,2478484.66890168
2025-08-20,2480169.417552696
2025-08-21,2475579.324898836
2025-08-22,2510087.749833414
2025-08-25,2495201.8940662304
2025-08-26,2515362.5353546618
2025-08-27,2519897.477031303
2025-08-28,2527566.0746930717
2025-08-29,2512702.3971195654
2025-09-02,2501986.9630529154
2025-09-03,2502213.442450374
2025-09-04,2527766.7955743396
2025-09-05,2522729.3366165473
2025-09-08,2526523.57144492
2025-09-09,2520262.586688531
2025-09-10,2535745.946198698
2025-09-11,2566832.0905358936
2025-09-12,2551025.342543432
2025-09-15,2563160.2375444975
2025-09-16,2556662.863108198
2025-09-17,2557350.455382191
2025-09-18,2588130.029749444
2025-09-19,2584152.6357007716
2025-09-22,2589980.487748608
2025-09-23,2594046.597929958
2025-09-24,2593292.644667526
2025-09-25,2568278.9294928624
2025-09-26,2597096.4406838687
2025-09-29,2604746.156868357
2025-09-30,2617377.2199789155
2025-10-01,2640735.074130788
2025-10-02,2652167.003196884
2025-10-03,2653675.998251673
2025-10-06,2666531.6621362343
2025-10-07,2642107.9418151714
2025-10-08,2656040.8306543925
2025-10-09,2627512.5097671994
2025-10-10,2558396.352123562
2025-10-13,2600285.2714643613
2025-10-14,2624709.7024459722
2025-10-15,2636460.4785726685
2025-10-16,2607147.934228157
2025-10-17,2614260.5490891137
2025-10-20,2641810.420416612
2025-10-21,2654592.0234975596
2025-10-22,2628252.3321752036
2025-10-23,2639838.830222853
2025-10-24,2655199.155896816
2025-10-27,2665186.213325561
2025-10-28,2637960.302607651
2025-10-29,2630439.373279505
2025-10-30,2625769.2004322433
2025-10-31,2624458.9325458305
2025-11-03,2624604.705202515
2025-11-04,2604147.830281114
2025-11-05,2633636.447087944
2025-11-06,2611928.2871144023
2025-11-07,2633199.923279908
2025-11-10,2665405.824231484
2025-11-11,2659440.913810235
2025-11-12,2675444.0994723076
2025-11-13,2631521.0526636657
2025-11-14,2620192.0284151854
2025-11-17,2588181.073417272
2025-11-18,2596096.296722796
2025-11-19,2609896.4838090045
2025-11-20,2568638.5073760236
2025-11-21,2619183.684573377
2025-11-24,2644383.5464141266
2025-11-25,2684066.0192613164
2025-11-26,2704276.1457196972
2025-11-28,2710070.1026267093
2025-12-01,2690688.5456119957
2025-12-02,2694337.512648288
2025-12-03,2714858.155630715
2025-12-04,2714876.1801553774
2025-12-05,2722548.5439267573
2025-12-08,2710418.384483424
2025-12-09,2711776.6656780983
2025-12-10,2743672.0852251295
2025-12-11,2773372.8888064246
2025-12-12,2744120.547657032
2025-12-15,2755257.588768892
2025-12-16,2741559.4525767965
2025-12-17,2709346.1761715338
2025-12-18,2733933.6211001067
2025-12-19,2752308.8906142525
2025-12-22,2782231.7152519412
2025-12-23,2782846.933143451
2025-12-24,2793563.5731520746
2025-12-26,2796260.5080276956
2025-12-29,2784044.505146095
2025-12-30,2776455.5149336816
2025-12-31,2749179.12771068
2026-01-02,2794008.289106149
2026-01-05,2819364.8657956324
2026-01-06,2864462.0022826293
2026-01-07,2842748.444375027
2026-01-08,2852957.327202002
2026-01-09,2877511.4029060733
2026-01-12,2882196.238859229
2026-01-13,2884144.777721795
2026-01-14,2873767.5278117694
2026-01-15,2898655.427774354
2026-01-16,2908974.787043899
2026-01-20,2864408.418607832
2026-01-21,2918525.490322819
2026-01-22,2911455.872101223
2026-01-23,2893484.8750121472
2026-01-26,2900083.720826418
2026-01-27,2919951.960143465
2026-01-28,2911162.56626523
2026-01-29,2917618.4331406136
2026-01-30,2877111.4913032628
2026-02-02,2899019.7638131287
2026-02-03,2887324.4837070494
2026-02-04,2908684.4612508602
2026-02-05,2909712.875303645
2026-02-06,3002454.8395698764
2026-02-09,2997654.613928277
2026-02-10,2987666.8535774453
2026-02-11,3008394.9295128286
2026-02-12,2983666.79025215
2026-02-13,3006395.1498074215
2026-02-17,3001812.7193341916
2026-02-18,3008400.899531758
2026-02-19,3011234.783524953
2026-02-20,3035230.519874002
2026-02-23,3002003.83393127
2026-02-24,3033641.715191425
2026-02-25,3040358.689617144
2026-02-26,3052292.2552396776
2026-02-27,3032715.3799340287
2026-03-02,3029879.2799976156
2026-03-03,2979340.1788535407
2026-03-04,3004263.096112438
2026-03-05,2954643.8517159186
2026-03-06,2902112.989597285
2026-03-09,2937273.772696677
2026-03-10,2932159.2574012815
2026-03-11,2921507.107797039
2026-03-12,2869994.127090762
2026-03-13,2861474.360107523
2026-03-16,2887645.706972641
2026-03-17,2899967.458030734
2026-03-18,2866070.894491331
2026-03-19,2886105.9471205454
2026-03-20,2853003.8941673846
2026-03-23,2890764.5183393634
2026-03-24,2910879.784564621
2026-03-25,2913211.9862516937
2026-03-26,2852305.743687683
2026-03-27,2822009.606106568
2026-03-30,2794555.603227041
2026-03-31,2865374.3283643336
2026-04-01,2898441.8935064767
2026-04-02,2887714.129255754
2026-04-06,2908152.0496602906
2026-04-07,2898429.3555338387
2026-04-08,3001597.066719133
2026-04-09,3029384.0149492687
2026-04-10,3011935.5325815245
2026-04-13,3041165.431848369
2026-04-14,3047548.246617577
2026-04-15,3027603.979699743
2026-04-16,3025567.6128373505
2026-04-17,3084707.1755384747
2026-04-20,3086711.712289395
2026-04-21,3067466.7326364145
2026-04-22,3079483.41800001
2026-04-23,3128415.0153793716
2026-04-24,3130135.0768924467
2026-04-27,3121707.1716715684
2026-04-28,3100608.0488539436
2026-04-29,3084178.024083094
2026-04-30,3184557.666191854
2026-05-01,3175184.6073869863
2026-05-04,3160450.1308524464
2026-05-05,3194825.1769505483
2026-05-06,3260408.62885391
2026-05-07,3173602.171402237
2026-05-08,3183661.7155164075
2026-05-11,3199836.107871495
2026-05-12,3190947.7729480737
2026-05-13,3203673.6319103227
2026-05-14,3220151.985480979
2026-05-15,3178887.872646114
2026-05-18,3159526.726311831
2026-05-19,3140532.665873201
2026-05-20,3179352.499527538
2026-05-21,3189858.492979776
2026-05-22,3220789.3677756903
2026-05-26,3268968.041752665
2026-05-27,3257641.8109961175
2026-05-28,3265962.5205425206
2026-05-29,3244178.7141610575
2026-06-01,3205194.950204011
2026-06-02,3240911.167104515
2026-06-03,3267484.2215166036
2026-06-04,3297604.8634499535
2026-06-05,3225711.9606235777
2026-06-08,3262695.3277166057
2026-06-09,3288064.1536887237
2026-06-10,3228419.4372004657
2026-06-11,3335134.688772228
2026-06-12,3379574.4421862224
2026-06-15,3422586.6430441765
2026-06-16,3386523.3468956794
2026-06-17,3348867.6619953867
2026-06-18,3371386.745451286
2026-06-22,3430656.202605242
2026-06-23,3350149.29790039
2026-06-24,3363211.187022928
2026-06-25,3423362.4639324853
2026-06-26,3389324.4354675305
2026-06-29,3454403.998925757
2026-06-30,3496907.407153104
2026-07-01,3413031.2984389737
2026-07-02,3362570.770126927
2026-07-06,3370409.6761317234
2026-07-07,3325606.8252520785
2026-07-08,3309298.994977668
2026-07-09,3340400.4763029986
2026-07-10,3347519.733528068
2026-07-13,3308236.3455995936
2026-07-14,3324463.2901292373
2026-07-15,3314101.664687785
2026-07-16,3314650.365350546
2026-07-17,3285571.577735971
2026-07-20,3259645.6172436415
2026-07-21,3295012.141003307
2026-07-22,3298112.8018964664
2026-07-23,3303147.4313961896
2026-07-24,3299575.9274482504
