Date,Portfolio Return
2020-07-27,0.002897337017503137
2020-07-28,-0.006828339449945009
2020-07-29,0.016005784225772285
2020-07-30,-0.008002982163351826
2020-07-31,-0.006697793067531285
2020-08-03,0.0027415774497050608
2020-08-04,0.004164808084228328
2020-08-05,0.01002543855301402
2020-08-06,-0.0005698905904678481
2020-08-07,0.012876950254917674
2020-08-10,0.015482191226893146
2020-08-11,-0.004095894757507839
2020-08-12,0.006935911358976764
2020-08-13,-0.0060145792822781955
2020-08-14,0.004123229683455262
2020-08-17,0.0013978337928340658
2020-08-18,-0.006135466060415876
2020-08-19,-0.002697584189549424
2020-08-20,-0.007691724883028413
2020-08-21,-0.0020680362951462448
2020-08-24,0.01813992339846721
2020-08-25,0.00016804105567136835
2020-08-26,-0.002625884307229379
2020-08-27,0.004089583182352264
2020-08-28,0.009658938024934649
2020-08-31,-0.011076219791210262
2020-09-01,0.005861465636983845
2020-09-02,0.018965019810585335
2020-09-03,-0.02320725822807601
2020-09-04,-0.00030530258846204344
2020-09-08,-0.024326051638005153
2020-09-09,0.010847857937389419
2020-09-10,-0.01584815357825136
2020-09-11,0.003730913829888092
2020-09-14,0.018948358720250077
2020-09-15,0.0006402755974114685
2020-09-16,0.00911027522060188
2020-09-17,-0.006279911534928789
2020-09-18,-0.012279449265511798
2020-09-21,-0.024441681347937543
2020-09-22,0.004692292622333985
2020-09-23,-0.01999490682438256
2020-09-24,0.001957434023095919
2020-09-25,0.011864206990931572
2020-09-28,0.0200918868953162
2020-09-29,-0.009628334518041175
2020-09-30,0.007826804009643716
2020-10-01,0.004452314164040334
2020-10-02,0.006339590817994691
2020-10-05,0.022488793278899286
2020-10-06,-0.01350767271424994
2020-10-07,0.02019449566319044
2020-10-08,0.014368701012160166
2020-10-09,0.0028957558117031243
2020-10-12,0.007984680205744244
2020-10-13,-0.012115619516569979
2020-10-14,-0.005448595766530657
2020-10-15,0.0005608031388149667
2020-10-16,0.0008720567297431164
2020-10-19,-0.013734241102365714
2020-10-20,0.005415362919698189
2020-10-21,-0.0022072632200231066
2020-10-22,0.009723718334300621
2020-10-23,0.003478321855039562
2020-10-26,-0.02187293987381231
2020-10-27,-0.01469270307896899
2020-10-28,-0.02977234188712009
2020-10-29,0.0181389852145192
2020-10-30,-0.0022530061458088156
2020-11-02,0.026457214822114362
2020-11-03,0.022237606901781528
2020-11-04,-0.001347620379986495
2020-11-05,0.02187423382638975
2020-11-06,-0.0034106320944760275
2020-11-09,0.04839050747537403
2020-11-10,0.009678987136220127
2020-11-11,-0.006385605962190516
2020-11-12,-0.01283212019068399
2020-11-13,0.023307112486122016
2020-11-16,0.02122603898370232
2020-11-17,-0.001862141316956245
2020-11-18,-0.010689634304128216
2020-11-19,0.0041620385630299584
2020-11-20,-0.0054019764404532175
2020-11-23,0.016449760346381907
2020-11-24,0.021040970195149944
2020-11-25,-0.008423265499616946
2020-11-27,-0.00033662876059463697
2020-11-30,-0.014299966665766252
2020-12-01,0.01353563426160275
2020-12-02,0.002775162996279287
2020-12-03,0.004265941931761371
2020-12-04,0.013906232110297028
2020-12-07,-0.002050254107362385
2020-12-08,0.0017787727079029158
2020-12-09,-0.0005957449392040801
2020-12-10,-0.0035698112859140737
2020-12-11,-0.00753929717943136
2020-12-14,-0.011633914326013895
2020-12-15,0.01486819553545572
2020-12-16,-0.0021930759598817024
2020-12-17,0.004966718722787431
2020-12-18,-0.007519544883949116
2020-12-21,-0.002234961947847336
2020-12-22,-0.003479724995800285
2020-12-23,0.007372172876083727
2020-12-24,0.0031577431522160897
2020-12-28,0.00283941857380726
2020-12-29,-0.004940787576406558
2020-12-30,0.009344559238767654
2020-12-31,0.007014811423655245
2021-01-04,-0.015656927103298926
2021-01-05,0.009673942148566001
2021-01-06,0.029570782184004545
2021-01-07,0.01153542060162967
2021-01-08,-0.0011710481440150894
2021-01-11,0.0017040753167555588
2021-01-12,0.009090329128317717
2021-01-13,-0.00449495169519572
2021-01-14,0.009380725391409519
2021-01-15,-0.008859108842682695
2021-01-19,0.012150771044472273
2021-01-20,0.005940221466432542
2021-01-21,-0.006490505119135662
2021-01-22,-0.0033447092333161606
2021-01-25,-0.005051430283121241
2021-01-26,-0.009969265130167463
2021-01-27,-0.028172246065420806
2021-01-28,0.01911444477871302
2021-01-29,-0.022131763434167416
2021-02-01,0.01474606466357091
2021-02-02,0.012838957180726958
2021-02-03,0.0025774814591804983
2021-02-04,0.01301193357697611
2021-02-05,0.005291766540085699
2021-02-08,0.01699076732703587
2021-02-09,-0.0011454610076386594
2021-02-10,0.005310847389497639
2021-02-11,0.006747837207357006
2021-02-12,0.0036879434400052236
2021-02-16,0.003953566093846088
2021-02-17,-0.001911787287865688
2021-02-18,-0.008070220065852169
2021-02-19,0.01046984779625946
2021-02-22,0.0023013098263459705
2021-02-23,0.004277099262511554
2021-02-24,0.01955137613708114
2021-02-25,-0.026181859205754675
2021-02-26,-0.005748900732056312
2021-03-01,0.021689292769523246
2021-03-02,-0.008732676066373277
2021-03-03,-0.0063707456678061755
2021-03-04,-0.01391760642370957
2021-03-05,0.023692540510283248
2021-03-08,0.006699188727455486
2021-03-09,0.0018289482289779808
2021-03-10,0.006961834476785061
2021-03-11,0.009082435149076633
2021-03-12,0.008102477151543103
2021-03-15,0.006784485819653289
2021-03-16,-0.01352725667741362
2021-03-17,0.0077999913673360444
2021-03-18,-0.010292429987369664
2021-03-19,-0.0035995273526605175
2021-03-22,-0.003719371568626515
2021-03-23,-0.017513193373982938
2021-03-24,0.0005017190393285867
2021-03-25,0.012540384773887994
2021-03-26,0.019362748048449348
2021-03-29,-0.008667345478696686
2021-03-30,0.006926967929746123
2021-03-31,-0.002542581501812539
2021-04-01,0.011700468550651539
2021-04-05,0.014395963944085726
2021-04-06,-0.0016535052018621446
2021-04-07,-0.0016991094864276363
2021-04-08,0.002801475862917685
2021-04-09,0.00825409612363879
2021-04-12,0.0004516957420217038
2021-04-13,-0.0030881434776190747
2021-04-14,0.002317717859442362
2021-04-15,0.006038846991794067
2021-04-16,0.004197883316568791
2021-04-19,-0.007415211592338699
2021-04-20,-0.012862671079153778
2021-04-21,0.013453466863998596
2021-04-22,-0.0065518974560365715
2021-04-23,0.012476968200535198
2021-04-26,0.0022370679334398173
2021-04-27,0.0025116614214760183
2021-04-28,0.0007160014509243433
2021-04-29,0.007688254588114751
2021-04-30,-0.005692009202518625
2021-05-03,0.0061826714237316035
2021-05-04,-0.00193106389556729
2021-05-05,0.00521025636753669
2021-05-06,0.0072958724499594535
2021-05-07,0.012689743884112408
2021-05-10,-0.00768792285136992
2021-05-11,-0.011479790578332944
2021-05-12,-0.025701684743007856
2021-05-13,0.01757717997604234
2021-05-14,0.01743221111287537
2021-05-17,-0.0006811816182082169
2021-05-18,-0.012065006123726076
2021-05-19,-0.004902206864712581
2021-05-20,0.005272558897191507
2021-05-21,0.0012957664251795292
2021-05-24,0.006792637189641626
2021-05-25,-0.005063225489976429
2021-05-26,0.005671997990007322
2021-05-27,0.007201198446097447
2021-05-28,0.0013632996137784923
2021-06-01,0.006295567675931373
2021-06-02,-0.0038509603467929243
2021-06-03,-0.0008674974130700862
2021-06-04,0.0030803762792678685
2021-06-07,-0.0015778050280657225
2021-06-08,0.002362784645938351
2021-06-09,-0.007319094202434044
2021-06-10,-0.000843207514798228
2021-06-11,0.0036070577936893476
2021-06-14,-0.00409325199477452
2021-06-15,0.001786441576140418
2021-06-16,-0.006418151941659816
2021-06-17,-0.014385021882306668
2021-06-18,-0.019868026165253537
2021-06-21,0.021456727152963904
2021-06-22,0.0011427410796435375
2021-06-23,-2.7989803314758296e-05
2021-06-24,0.009829033453635679
2021-06-25,0.004199565555120352
2021-06-28,-0.006630269037657223
2021-06-29,-0.003179386102628391
2021-06-30,0.004369296796848041
2021-07-01,0.0033160182015319084
2021-07-02,0.002033729549482968
2021-07-06,-0.011245978376575231
2021-07-07,-0.0011327671003675231
2021-07-08,-0.009469037783972019
2021-07-09,0.019042997349535844
2021-07-12,0.005717854268926478
2021-07-13,-0.010105953222563017
2021-07-14,-0.002116303630951809
2021-07-15,-0.0023266678355480454
2021-07-16,-0.011024517802316483
2021-07-19,-0.019678442892239228
2021-07-20,0.021568110524747167
2021-07-21,0.01572605284001856
2021-07-22,-0.006300413853981362
2021-07-23,0.008335322163635701
2021-07-26,0.0061268119428602935
2021-07-27,-0.0027609838552847205
2021-07-28,0.0022111831865228603
2021-07-29,0.007483202476899878
2021-07-30,0.0009422338856444254
2021-08-02,-0.002951567402705692
2021-08-03,0.011555578444237638
2021-08-04,-0.010166994477963019
2021-08-05,0.007243888941665618
2021-08-06,0.0058471166015825115
2021-08-09,-0.003283691155531629
2021-08-10,0.007472217841623829
2021-08-11,0.0076839270172486245
2021-08-12,0.0002722033358876287
2021-08-13,-0.0024779062622934576
2021-08-16,-0.0007250060887248158
2021-08-17,-0.0107077344367833
2021-08-18,-0.00950820066156647
2021-08-19,-0.004703927409512042
2021-08-20,0.005393555263799286
2021-08-23,0.010592111870732326
2021-08-24,0.005907478094548748
2021-08-25,0.008456458882140933
2021-08-26,-0.008592170851611134
2021-08-27,0.013180441864497105
2021-08-30,-0.004967238857460122
2021-08-31,-0.0003993911954743765
2021-09-01,-0.0025799719522413933
2021-09-02,0.009469336652197673
2021-09-03,-0.0026764408169646964
2021-09-07,-0.0093967643474979
2021-09-08,-0.00315473477360708
2021-09-09,-0.0007067774318540879
2021-09-10,-0.006771532952660264
2021-09-13,0.006139116633961883
2021-09-14,-0.007507857925613201
2021-09-15,0.010212227810536535
2021-09-16,-0.0029719127611442047
2021-09-17,-0.007839079430920621
2021-09-20,-0.01821589751961443
2021-09-21,-0.0016870969849903915
2021-09-22,0.014287433467490488
2021-09-23,0.017085477107913128
2021-09-24,-0.0004121489847896736
2021-09-27,0.0043721986744435755
2021-09-28,-0.01617273624107503
2021-09-29,0.0011895195708190628
2021-09-30,-0.017704280984958985
2021-10-01,0.013245203393309805
2021-10-04,-0.007848348806980947
2021-10-05,0.007287750092334683
2021-10-06,-0.0019551814585904823
2021-10-07,0.009911093887349032
2021-10-08,-0.0009547547437852227
2021-10-11,-0.005000415839086832
2021-10-12,0.002079110781699583
2021-10-13,0.0007261920316021032
2021-10-14,0.019152610286020083
2021-10-15,0.004449735928462251
2021-10-18,0.000393000468355826
2021-10-19,0.0018245373633740782
2021-10-20,0.007354455273301056
2021-10-21,0.0007490246536954149
2021-10-22,0.004476995335229605
2021-10-25,0.005135527634308341
2021-10-26,-0.00319907707618401
2021-10-27,-0.015628638428231145
2021-10-28,0.015450384351547648
2021-10-29,-0.0025872461097745177
2021-11-01,0.004044821709788496
2021-11-02,0.00545465555903302
2021-11-03,0.007042379010623638
2021-11-04,0.0017027357320704188
2021-11-05,0.009393729357552633
2021-11-08,0.0017714026863369962
2021-11-09,0.00010114244576184438
2021-11-10,-0.008786968683659364
2021-11-11,0.006059343739216903
2021-11-12,0.005247989551835876
2021-11-15,0.0021795051564231513
2021-11-16,0.0007159885435437255
2021-11-17,-0.007312772852532273
2021-11-18,-0.001966427315436374
2021-11-19,-0.005091612859359021
2021-11-22,-0.0003000659464660157
2021-11-23,0.007566956391680682
2021-11-24,-0.0017865265720431692
2021-11-26,-0.029954423606550092
2021-11-29,0.009535894800391471
2021-11-30,-0.030512584042108437
2021-12-01,-0.01092861810211413
2021-12-02,0.025019924716749003
2021-12-03,-0.007444559945010731
2021-12-06,0.016648744887538217
2021-12-07,0.019392596008428763
2021-12-08,0.0006194997009205807
2021-12-09,-0.009230337155033843
2021-12-10,0.006612162488513587
2021-12-13,-0.014039504163479837
2021-12-14,-0.006124735247209988
2021-12-15,0.011809922478383026
2021-12-16,-0.006388323531995322
2021-12-17,-0.014873259788927912
2021-12-20,-0.016032207526086015
2021-12-21,0.022709880248981046
2021-12-22,0.00712093609635792
2021-12-23,0.007837279092231935
2021-12-27,0.014703988768371092
2021-12-28,-7.89044532659562e-05
2021-12-29,0.0034955745730306637
2021-12-30,-0.0027918650026984957
2021-12-31,0.0014828898164621236
2022-01-03,0.0020763802125854914
2022-01-04,0.011364425145504519
2022-01-05,-0.018155236190721263
2022-01-06,0.00493979794606775
2022-01-07,-0.0043659886959754755
2022-01-10,-0.006083455698514457
2022-01-11,0.010957866155551733
2022-01-12,0.0023321655124155017
2022-01-13,-0.003576444856911887
2022-01-14,0.0005757510444013184
2022-01-18,-0.01873149467075636
2022-01-19,-0.01419834409915994
2022-01-20,-0.012256457945411164
2022-01-21,-0.015113442537096079
2022-01-24,0.010379872061003681
2022-01-25,-0.011653528069442491
2022-01-26,-0.004910246531943142
2022-01-27,-0.006972050364712941
2022-01-28,0.013650024418024398
2022-01-31,0.01562768903939708
2022-02-01,0.009325776852629506
2022-02-02,0.009548529879009306
2022-02-03,-0.016307527539333504
2022-02-04,-0.0028679682630424076
2022-02-07,-0.002450024180086397
2022-02-08,0.008755183841442011
2022-02-09,0.018525009057763574
2022-02-10,-0.013380752018868326
2022-02-11,-0.015318740138067695
2022-02-14,-0.007811190780142292
2022-02-15,0.020708275399335566
2022-02-16,0.006816099299912794
2022-02-17,-0.02272977334322648
2022-02-18,-0.003334779019552993
2022-02-22,-0.011302226055688917
2022-02-23,-0.01734216184880375
2022-02-24,0.010787113410931179
2022-02-25,0.025201595225208602
2022-02-28,-0.005042600426674183
2022-03-01,-0.021813696786167226
2022-03-02,0.02640588433583408
2022-03-03,-0.0004366219486757591
2022-03-04,-0.012197878766129547
2022-03-07,-0.03574322899963947
2022-03-08,0.004250688192293422
2022-03-09,0.02735957817404951
2022-03-10,0.0005745963618132815
2022-03-11,-0.01140221451200513
2022-03-14,-0.0026783476345886553
2022-03-15,0.015920821342245713
2022-03-16,0.020348663857900618
2022-03-17,0.012955567105629538
2022-03-18,0.006123259686156848
2022-03-21,-0.0030613221986749988
2022-03-22,0.008416429429557282
2022-03-23,-0.013101043047459302
2022-03-24,0.014223636643484154
2022-03-25,0.008496195601774384
2022-03-28,0.0008608063058531395
2022-03-29,0.016015570669330605
2022-03-30,-0.009560897703184221
2022-03-31,-0.015366238894194131
2022-04-01,0.0008868426529663635
2022-04-04,0.002095760436462739
2022-04-05,-0.013756333327840705
2022-04-06,-0.003583828539427833
2022-04-07,0.0036752896161173503
2022-04-08,0.0036670876023633284
2022-04-11,-0.009943889701000849
2022-04-12,-0.001006504300418231
2022-04-13,0.01164240029144615
2022-04-14,-0.005319643126687513
2022-04-18,0.0022669514752599565
2022-04-19,0.017709418842112395
2022-04-20,0.004524621666799532
2022-04-21,-0.017010595036847792
2022-04-22,-0.02915594685714868
2022-04-25,0.001765358892920091
2022-04-26,-0.023435055974414556
2022-04-27,0.00027470583398152884
2022-04-28,0.021677265359897124
2022-04-29,-0.03333641576881943
2022-05-02,0.0008119466454624938
2022-05-03,0.009720585105499705
2022-05-04,0.027459628961877137
2022-05-05,-0.032176895985335054
2022-05-06,-0.006341249338472508
2022-05-09,-0.0353559674031291
2022-05-10,-0.0029344334446838724
2022-05-11,-0.008864898003286279
2022-05-12,0.005149929508760101
2022-05-13,0.02347987421114749
2022-05-16,-0.002587836016333866
2022-05-17,0.020308541436328542
2022-05-18,-0.04261201112365179
2022-05-19,-0.003825678154721804
2022-05-20,-0.0025416259352974086
2022-05-23,0.019216566190623983
2022-05-24,-0.007602110039330823
2022-05-25,0.016147129954348024
2022-05-26,0.02389761308291138
2022-05-27,0.025488286492515
2022-05-31,-0.011275889410587572
2022-06-01,-0.008595871613962622
2022-06-02,0.018736221610032525
2022-06-03,-0.008596211863849772
2022-06-06,0.0034234373128112505
2022-06-07,0.01188159153735856
2022-06-08,-0.012414562326056087
2022-06-09,-0.022263546740712806
2022-06-10,-0.030803397185430324
2022-06-13,-0.03998215861777005
2022-06-14,-0.003018905938014196
2022-06-15,0.011239422451976632
2022-06-16,-0.040083263167210816
2022-06-17,0.0021761879363986244
2022-06-21,0.016278138952334587
2022-06-22,-0.005596427768093662
2022-06-23,0.004496554353528812
2022-06-24,0.03205831446693168
2022-06-27,-0.001675659698095457
2022-06-28,-0.012620275678195368
2022-06-29,-0.010280146159315169
2022-06-30,-0.005187354757462535
2022-07-01,0.007121918859123448
2022-07-05,-0.00428088693015521
2022-07-06,-0.0024036663998681608
2022-07-07,0.019509593322957028
2022-07-08,-0.004121158372864017
2022-07-11,-0.0073983302142412504
2022-07-12,-0.007258335760586621
2022-07-13,-0.0061646889828146515
2022-07-14,-0.007999765612641572
2022-07-15,0.016626491930210843
2022-07-18,-0.003317285878297498
2022-07-19,0.03032032057881056
2022-07-20,0.005512518155906192
2022-07-21,0.00641440622909297
2022-07-22,-0.006513300036403785
2022-07-25,0.006055114302949859
2022-07-26,-0.009989259123431326
2022-07-27,0.02047515077983927
2022-07-28,0.014331008100016604
2022-07-29,0.00878256845924251
2022-08-01,-0.0038915644505659575
2022-08-02,-0.0073389954819828105
2022-08-03,0.008043523967080331
2022-08-04,-0.006062981108828715
2022-08-05,0.004763745130987046
2022-08-08,0.0030010179480301335
2022-08-09,-0.00674763286360204
2022-08-10,0.02398643635856683
2022-08-11,0.007720550776449682
2022-08-12,0.015010569999420574
2022-08-15,0.00110788973356647
2022-08-16,0.004095913431284556
2022-08-17,-0.007857392960756233
2022-08-18,0.004475246342307083
2022-08-19,-0.0127710501686355
2022-08-22,-0.020144781535627352
2022-08-23,0.0005131567114956507
2022-08-24,0.007505981950264857
2022-08-25,0.015526207860291895
2022-08-26,-0.03028370721432344
2022-08-29,-0.004646099964805109
2022-08-30,-0.012024763745391439
2022-08-31,-0.006742802171917665
2022-09-01,0.000642987302273124
2022-09-02,-0.005495324530258885
2022-09-06,-0.004288678288338585
2022-09-07,0.022022367771542838
2022-09-08,0.008873033107009353
2022-09-09,0.01602184184908967
2022-09-12,0.009385636455036454
2022-09-13,-0.04057258777749236
2022-09-14,0.004339462713011882
2022-09-15,-0.009229963831781087
2022-09-16,-0.010356941413045403
2022-09-19,0.008272575734624935
2022-09-20,-0.01603685182712953
2022-09-21,-0.017765605801394784
2022-09-22,-0.014583867196059166
2022-09-23,-0.022652695603833758
2022-09-26,-0.017600094148438786
2022-09-27,0.0004526289830313436
2022-09-28,0.027236550950024783
2022-09-29,-0.018601286973866475
2022-09-30,-0.012733582447411972
2022-10-03,0.03095438040579591
2022-10-04,0.03303447574073497
2022-10-05,-0.002912586355818673
2022-10-06,-0.009143260518651788
2022-10-07,-0.02471186396537007
2022-10-10,-0.007050138569927155
2022-10-11,-0.002955368696103669
2022-10-12,-0.006166771896321332
2022-10-13,0.02447111988397425
2022-10-14,-0.027472895065482908
2022-10-17,0.022218628537469226
2022-10-18,0.013730662489729291
2022-10-19,-0.008171869544006479
2022-10-20,-0.010690652583027713
2022-10-21,0.02490047349440147
2022-10-24,0.011496155262494704
2022-10-25,0.022417799675466477
2022-10-26,-0.0014849951805787276
2022-10-27,0.0034298239354762926
2022-10-28,0.017676808737742362
2022-10-31,-0.0016417226538809908
2022-11-01,-3.059542058364204e-05
2022-11-02,-0.024768108411511714
2022-11-03,0.0028822876593899774
2022-11-04,0.017361134901805336
2022-11-07,0.007480008278577779
2022-11-08,0.00572362846230576
2022-11-09,-0.020571043224738423
2022-11-10,0.04896025858330699
2022-11-11,0.009627403988924312
2022-11-14,-0.013912459087900689
2022-11-15,0.009147123672539795
2022-11-16,-0.011744924005580179
2022-11-17,-0.0016506919036905216
2022-11-18,0.007958809143196677
2022-11-21,-0.002174315204266764
2022-11-22,0.01435324822462991
2022-11-23,0.0022026551439769657
2022-11-25,0.003265028271154387
2022-11-28,-0.016418433608127187
2022-11-29,0.005227801296787256
2022-11-30,0.023169563970565618
2022-12-01,0.00023797815559711635
2022-12-02,0.0008359225839668893
2022-12-05,-0.019977011035072694
2022-12-06,-0.008021860728094308
2022-12-07,-0.0012653866905533377
2022-12-08,0.008075818210710803
2022-12-09,-0.01040434709068542
2022-12-12,0.017639076475713625
2022-12-13,0.008029273210852558
2022-12-14,-0.007632724853422513
2022-12-15,-0.02384486211958465
2022-12-16,-0.011488022402346197
2022-12-19,-0.007386179766715318
2022-12-20,0.0031665178333916987
2022-12-21,0.01632391164384047
2022-12-22,-0.012597718624054944
2022-12-23,0.008971676963059214
2022-12-27,0.002554396443049101
2022-12-28,-0.014447216796760911
2022-12-29,0.015971172337872097
2022-12-30,-0.0012244791160772458
2023-01-03,-0.002272669368182505
2023-01-04,0.008832448503977729
2023-01-05,-0.010868380853200474
2023-01-06,0.025035361456038706
2023-01-09,-0.002565901328028427
2023-01-10,0.005584494303602403
2023-01-11,0.011812976439563916
2023-01-12,0.0064077000003091
2023-01-13,0.0024212847006721393
2023-01-17,-0.0035593641719213775
2023-01-18,-0.014102050201416286
2023-01-19,-0.010519555676179217
2023-01-20,0.017284077262677344
2023-01-23,0.012246120956197403
2023-01-24,-0.001997529096931926
2023-01-25,0.0018484783054419696
2023-01-26,0.011918244307667502
2023-01-27,0.0003080131240274017
2023-01-30,-0.009352435210605066
2023-01-31,0.018181271511929116
2023-02-01,0.0077184798918119146
2023-02-02,0.0030527895107084267
2023-02-03,-0.010065650430635339
2023-02-06,-0.007299828575531385
2023-02-07,0.013884770525860903
2023-02-08,-0.011449234723054393
2023-02-09,-0.006493641172185775
2023-02-10,0.002826186552848927
2023-02-13,0.010685931267359563
2023-02-14,-0.003534434472286163
2023-02-15,0.004549094566904276
2023-02-16,-0.012475849742648136
2023-02-17,-0.003696264134203324
2023-02-21,-0.021488014901255986
2023-02-22,0.001301470982980107
2023-02-23,0.005464626543362286
2023-02-24,-0.005666429603068053
2023-02-27,0.002689990610699867
2023-02-28,-0.0032724171081409364
2023-03-01,-0.0014005621289678496
2023-03-02,0.008174252599847767
2023-03-03,0.013109032200255182
2023-03-06,-0.004650656406149912
2023-03-07,-0.014421027659532867
2023-03-08,0.0012160527461742927
2023-03-09,-0.02239541253410241
2023-03-10,-0.019072952633137356
2023-03-13,-0.013968493309194805
2023-03-14,0.01383227369595578
2023-03-15,-0.019934991048850815
2023-03-16,0.01623140054713085
2023-03-17,-0.019378680524086877
2023-03-20,0.01339157297888135
2023-03-21,0.016183452406078824
2023-03-22,-0.020027392424926356
2023-03-23,-0.002253129868650146
2023-03-24,0.00433538374960287
2023-03-27,0.005050471290100701
2023-03-28,0.005221499702091392
2023-03-29,0.013820010334194301
2023-03-30,0.0057270977301414
2023-03-31,0.014723580115637704
2023-04-03,0.0035212105729008555
2023-04-04,-0.013000918913080181
2023-04-05,-0.006864944676427136
2023-04-06,0.00042519420104507647
2023-04-10,0.006980822305843729
2023-04-11,0.004379327596724929
2023-04-12,-0.0030884801667139888
2023-04-13,0.008063428025605501
2023-04-14,-0.0020812714296199815
2023-04-17,0.003930970635334034
2023-04-18,0.0025223318307690534
2023-04-19,0.0010961069129106133
2023-04-20,-0.0033746253599220488
2023-04-21,-0.0027000327483397892
2023-04-24,0.005422115812944665
2023-04-25,-0.01776095484970066
2023-04-26,-0.010819810388721283
2023-04-27,0.01887952742788496
2023-04-28,0.010046497314772179
2023-05-01,-0.0010083964831413648
2023-05-02,-0.014388915123569618
2023-05-03,-0.005238819363412212
2023-05-04,-0.01159139011957579
2023-05-05,0.020179431435012295
2023-05-08,-0.0016342035707301937
2023-05-09,-0.0016581412511548932
2023-05-10,-0.0012380958879039672
2023-05-11,-9.935858637229009e-05
2023-05-12,0.0007082661785496964
2023-05-15,0.00804192868290295
2023-05-16,-0.012257892532646133
2023-05-17,0.01470431782650211
2023-05-18,0.011265913151099581
2023-05-19,-0.003325883509376584
2023-05-22,-0.0015874235550941108
2023-05-23,-0.011728091603555434
2023-05-24,-0.012102201158334885
2023-05-25,0.00549578462536906
2023-05-26,0.004698530022298772
2023-05-30,-0.0028241877049279837
2023-05-31,-0.010305762223522997
2023-06-01,0.0069135746693318855
2023-06-02,0.02761607394878131
2023-06-05,-0.0036925981859469545
2023-06-06,0.009195162140784726
2023-06-07,0.0069914856172658465
2023-06-08,0.0018187790248276239
2023-06-09,-0.002083303599863336
2023-06-12,0.0034358971469921197
2023-06-13,0.010008687000071567
2023-06-14,-0.002150187507998486
2023-06-15,0.009397653877177444
2023-06-16,-0.004666103495053833
2023-06-20,-0.006657587023372706
2023-06-21,0.0012708206035156131
2023-06-22,-0.0025511149783925434
2023-06-23,-0.007404849761711447
2023-06-26,0.0070061746099270615
2023-06-27,0.013266680487628801
2023-06-28,-0.0019511783936816186
2023-06-29,0.007223236125249514
2023-06-30,0.008672309370157347
2023-07-03,0.0029370329790222153
2023-07-05,-0.005688002250416465
2023-07-06,-0.008944149503394441
2023-07-07,0.002833474237514314
2023-07-10,0.010698937284035297
2023-07-11,0.01004797383231886
2023-07-12,0.0027892415890112023
2023-07-13,0.006528033753907687
2023-07-14,-0.0058496680208230635
2023-07-17,0.0037077291525906913
2023-07-18,0.00722543091624199
2023-07-19,0.00032557483470343573
2023-07-20,-0.0019895500571521854
2023-07-21,0.0023136064978093217
2023-07-24,0.0030976703583233674
2023-07-25,0.0002902494168056222
2023-07-26,0.0004844795952896951
2023-07-27,-0.0006132785302576009
2023-07-28,0.009433205070808524
2023-07-31,0.004144663625692862
2023-08-01,-0.0006296845955453882
2023-08-02,-0.00886640517852393
2023-08-03,-0.0047423721170881195
2023-08-04,-0.0020109399994487367
2023-08-07,0.013593029154682088
2023-08-08,0.0005858976698236118
2023-08-09,-0.002517019663782094
2023-08-10,-0.007923958089195184
2023-08-11,-0.0006525215053031917
2023-08-14,0.0030702877508950637
2023-08-15,-0.01071078966161302
2023-08-16,-0.007257492249231256
2023-08-17,-0.008377343573769389
2023-08-18,0.004573081151968041
2023-08-21,0.0005798018346220087
2023-08-22,-0.005334475779478316
2023-08-23,0.009198401965972854
2023-08-24,-0.011380382523249983
2023-08-25,0.004840271323141093
2023-08-28,0.008030525841236162
2023-08-29,0.010704183553133923
2023-08-30,0.002368465656323069
2023-08-31,-0.001669588497403234
2023-09-01,0.006794851652550164
2023-09-05,-0.010006541851823952
2023-09-06,-0.0022209119280647235
2023-09-07,-0.0031995894228914793
2023-09-08,0.0012238877246209647
2023-09-11,0.0008798901009658222
2023-09-12,-0.0005916937695470697
2023-09-13,-0.008486697126817854
2023-09-14,0.00814097140322179
2023-09-15,-0.010222215453674402
2023-09-18,-0.0008483196691120955
2023-09-19,-0.002556983032263386
2023-09-20,-0.004749240273206968
2023-09-21,-0.020361509136972964
2023-09-22,-0.0021868795247326207
2023-09-25,0.0047472749482317545
2023-09-26,-0.014618618429452737
2023-09-27,0.0044427168215694065
2023-09-28,0.006221925619771196
2023-09-29,-0.006301151769709684
2023-10-02,-0.013255040115847562
2023-10-03,-0.013302545428640246
2023-10-04,0.006063674350381124
2023-10-05,-0.0039547367682412305
2023-10-06,0.01349922331298575
2023-10-09,0.00683653801912465
2023-10-10,0.008839478325989242
2023-10-11,0.005156415229900519
2023-10-12,-0.006107353984573293
2023-10-13,-0.005919113853411071
2023-10-16,0.01330495548371547
2023-10-17,0.00521880914575691
2023-10-18,-0.016780961356496635
2023-10-19,-0.013135753303105523
2023-10-20,-0.016019347179301813
2023-10-23,-0.00462046817257848
2023-10-24,0.008455132075425892
2023-10-25,-0.011697895216425908
2023-10-26,0.00045241769633461355
2023-10-27,-0.010455509937019184
2023-10-30,0.008237786875755779
2023-10-31,0.0076640630661575625
2023-11-01,0.0023731120629994604
2023-11-02,0.0261348521821187
2023-11-03,0.008532233447257514
2023-11-06,-0.002019728235066219
2023-11-07,-0.0046835932434024855
2023-11-08,0.0022107415111551902
2023-11-09,-0.006589674704495514
2023-11-10,0.01499970430495917
2023-11-13,0.0022359549726625057
2023-11-14,0.02425672014370606
2023-11-15,0.0007549056141768653
2023-11-16,-0.005192430103361005
2023-11-17,0.006670069365184257
2023-11-20,0.0050181056613640375
2023-11-21,-0.0030377850753491916
2023-11-22,0.004338859289755587
2023-11-24,0.0028232280025455828
2023-11-27,-0.0012189178848520626
2023-11-28,-0.0036957804719152296
2023-11-29,0.003432490559403615
2023-11-30,0.0070682063348973725
2023-12-01,0.014286852262846485
2023-12-04,-0.0007588665366425299
2023-12-05,-0.009127274079138612
2023-12-06,-0.00044076126838156466
2023-12-07,0.007513953608226278
2023-12-08,0.006528732341326216
2023-12-11,0.01249508648354469
2023-12-12,0.0031723211034885637
2023-12-13,0.020371236771890563
2023-12-14,0.011039201617744479
2023-12-15,-0.004429541703018554
2023-12-18,0.0017201185994427219
2023-12-19,0.006428332553401637
2023-12-20,-0.01617734325997844
2023-12-21,0.010000820447204973
2023-12-22,0.0023943635270040385
2023-12-26,0.00835954418750283
2023-12-27,0.0016053245258928108
2023-12-28,-4.494556117528386e-05
2023-12-29,-0.0023382572025687515
2024-01-02,-0.0026534009256847595
2024-01-03,-0.013357758982449182
2024-01-04,-0.0034068986217444057
2024-01-05,0.0033907608461514554
2024-01-08,0.011816172463189773
2024-01-09,-0.004725816375997207
2024-01-10,0.0008312006406890004
2024-01-11,-0.00035116940519369356
2024-01-12,-0.000974414237681013
2024-01-16,-0.006528579370433562
2024-01-17,-0.0073227939041480014
2024-01-18,0.00823344536134602
2024-01-19,0.011288034664371425
2024-01-22,0.004960699212298656
2024-01-23,-0.004188502743459613
2024-01-24,-0.00041798061234948116
2024-01-25,0.013254702750824693
2024-01-26,-0.0019829100490762596
2024-01-29,0.0070902855802381206
2024-01-30,0.000477676452716591
2024-01-31,-0.014601072156962316
2024-02-01,0.010882972072137826
2024-02-02,0.0036072109765878566
2024-02-05,-0.004950943489458831
2024-02-06,0.004777641899023243
2024-02-07,0.005598156189221195
2024-02-08,0.006661516564693897
2024-02-09,0.00574900268062392
2024-02-12,0.006011812412118435
2024-02-13,-0.013503232199369622
2024-02-14,0.012895498102729585
2024-02-15,0.008642357254396979
2024-02-16,4.979970627795594e-05
2024-02-20,-0.004807916660600096
2024-02-21,0.0031734199888744734
2024-02-22,0.01738390621465758
2024-02-23,-4.562159426378426e-05
2024-02-26,-0.0021137969690829834
2024-02-27,0.0049018682026118
2024-02-28,0.00018045994189850014
2024-02-29,0.004500268480602367
2024-03-01,0.007696780872053119
2024-03-04,0.004023742256016964
2024-03-05,-0.004624501827274315
2024-03-06,0.0056414810447278805
2024-03-07,0.006876718466876975
2024-03-08,-0.004647583292023632
2024-03-11,-0.003322852956510928
2024-03-12,0.00730355536451582
2024-03-13,0.002263070440727239
2024-03-14,-0.004649957502768461
2024-03-15,-0.004100487229638593
2024-03-18,0.005169548682215111
2024-03-19,0.006224313367962896
2024-03-20,0.010612141036974379
2024-03-21,0.009450619874749738
2024-03-22,-0.005893172641237536
2024-03-25,-0.003407857703328142
2024-03-26,-0.0003800356799764468
2024-03-27,0.013026814968917982
2024-03-28,0.005194537457451836
2024-04-01,-0.003909012185750565
2024-04-02,-0.009801211967492958
2024-04-03,-0.00023574514929695296
2024-04-04,-0.012324674393293697
2024-04-05,0.011138158666188464
2024-04-08,0.0010113642511132789
2024-04-09,-0.003110504023155558
2024-04-10,-0.011564465842520646
2024-04-11,0.0006916428756707594
2024-04-12,-0.0135978251721653
2024-04-15,-0.009902878948677252
2024-04-16,-0.004403460643209073
2024-04-17,-0.0069626623570170024
2024-04-18,-0.00032022069713201804
2024-04-19,-0.0012475156041553588
2024-04-22,0.009080641386170466
2024-04-23,0.012606216681010987
2024-04-24,0.001159082991676504
2024-04-25,-0.003198640882467103
2024-04-26,0.006622615494978485
2024-04-29,0.0059543981788644776
2024-04-30,-0.014511269433986394
2024-05-01,-0.005290611255095581
2024-05-02,0.00048607482104146075
2024-05-03,0.005145455202091572
2024-05-06,0.014858620478805264
2024-05-07,0.0012837202058677134
2024-05-08,-0.0012900419476333735
2024-05-09,0.00986281159668176
2024-05-10,0.0016496712033411815
2024-05-13,-0.0036862089551657766
2024-05-14,0.0035374096250090923
2024-05-15,0.01356023243851546
2024-05-16,-0.007330267247185389
2024-05-17,0.0018966277463882098
2024-05-20,0.0029979226500951436
2024-05-21,0.0023283950342847196
2024-05-22,-0.005447760300615847
2024-05-23,-0.008911027391033069
2024-05-24,0.0076551957925694815
2024-05-28,-0.007738494352864172
2024-05-29,-0.009109688232764597
2024-05-30,0.00273507064605444
2024-05-31,0.011430160172747108
2024-06-03,-0.006202389093419303
2024-06-04,-0.0048044389838034435
2024-06-05,0.009868592192511657
2024-06-06,-0.00562537022081479
2024-06-07,0.0009792317562892603
2024-06-10,0.008969136943600001
2024-06-11,-0.005193533654760865
2024-06-12,0.009560528443744555
2024-06-13,-0.0013018715882800044
2024-06-14,-0.007912705830462781
2024-06-17,0.010226406161230443
2024-06-18,0.004846592868341652
2024-06-20,-0.005027561076593156
2024-06-21,0.0018687256271110364
2024-06-24,0.0052913037291643025
2024-06-25,-0.003090808092422822
2024-06-26,-0.005715734754008509
2024-06-27,0.0023212606667735443
2024-06-28,0.0019021439396668953
2024-07-01,-0.005580715868893319
2024-07-02,0.0022070190737131035
2024-07-03,0.0012617639501395074
2024-07-05,-0.0008323706243194602
2024-07-08,0.005607971240074489
2024-07-09,-0.00038712758764725634
2024-07-10,0.010961201896332547
2024-07-11,0.007654115461710313
2024-07-12,0.007842596970696817
2024-07-15,0.0007598436047761021
2024-07-16,0.015232764042540115
2024-07-17,-0.016273148643362993
2024-07-18,-0.005020622316398751
2024-07-19,-0.009370589507623085
2024-07-22,0.01437071084213077
2024-07-23,-0.004096530893917944
2024-07-24,-0.022044503626328933
2024-07-25,0.002456022453006543
2024-07-26,0.014961547734940885
2024-07-29,0.0008950580853513721
2024-07-30,-0.003501873922008548
2024-07-31,0.013667675060765935
2024-08-01,-0.014202840757295025
2024-08-02,-0.03277556178415991
2024-08-05,-0.02274359860706035
2024-08-06,0.010949673163541566
2024-08-07,-0.009966028151401709
2024-08-08,0.02933080123381361
2024-08-09,0.004860861320293706
2024-08-12,-0.004252959548917855
2024-08-13,0.01422424868695373
2024-08-14,0.0031524259590957338
2024-08-15,0.01760390545046371
2024-08-16,0.0010733516667348175
2024-08-19,0.006174153812608356
2024-08-20,-0.0032025591470620767
2024-08-21,0.009875266761876814
2024-08-22,-0.0051225922198380675
2024-08-23,0.013265264786352335
2024-08-26,-0.0033007761123892915
2024-08-27,-0.0010051276560813487
2024-08-28,-0.0027868510410337653
2024-08-29,0.004575330622566049
2024-08-30,0.009661453674037732
2024-09-03,-0.022387303767799835
2024-09-04,-0.001982786871633953
2024-09-05,-0.009923023220771184
2024-09-06,-0.013375275788558374
2024-09-09,0.010285331695709315
2024-09-10,-0.00243489854497861
2024-09-11,0.006394709784569675
2024-09-12,0.007957794939057725
2024-09-13,0.00968675563516786
2024-09-16,0.005896568597568742
2024-09-17,0.0024352694174526635
2024-09-18,-0.002327719797283435
2024-09-19,0.018946449350890484
2024-09-20,-0.0031685165311503903
2024-09-23,0.0038857383395715086
2024-09-24,0.0016169636576913754
2024-09-25,-0.004285008813569385
2024-09-26,0.004593449011028825
2024-09-27,0.0004305999501031536
2024-09-30,-0.0004971976695503571
2024-10-01,-0.006951966699614873
2024-10-02,-4.4019026886015244e-05
2024-10-03,-0.004255848774637152
2024-10-04,0.011051640051936396
2024-10-07,-0.00679659822655317
2024-10-08,0.0030464967275321392
2024-10-09,0.00749157512866228
2024-10-10,-0.0036571078813808734
2024-10-11,0.011536571273318143
2024-10-14,0.008222863030872492
2024-10-15,-0.012887420056376213
2024-10-16,0.005396633275924845
2024-10-17,-1.901009035259376e-05
2024-10-18,0.00022350247159580607
2024-10-21,-0.006766632396756571
2024-10-22,-0.0011117131817041303
2024-10-23,-0.0037446975039610465
2024-10-24,0.0016414723327345356
2024-10-25,0.0030037405786392008
2024-10-28,0.004902481469760264
2024-10-29,-0.002245383008765849
2024-10-30,-0.0036991469594858913
2024-10-31,-0.014438439839505457
2024-11-01,-0.00105599330768496
2024-11-04,-0.000543676467733729
2024-11-05,0.016034294091034212
2024-11-06,0.025482145412039567
2024-11-07,0.004347432734741224
2024-11-08,0.009129459391190949
2024-11-11,0.004775437193435183
2024-11-12,-0.0060910679365811056
2024-11-13,-0.0023236100360338923
2024-11-14,-0.003866586580885594
2024-11-15,-0.009515219641303408
2024-11-18,0.0016564559306395338
2024-11-19,-0.005882923982334007
2024-11-20,0.0003812392724137271
2024-11-21,0.014281372020816812
2024-11-22,0.008024608593774112
2024-11-25,0.010720761510024464
2024-11-26,0.0027527949360859182
2024-11-27,-0.0017543464690359409
2024-11-29,0.005752602520398171
2024-12-02,-0.002260036593975932
2024-12-03,-0.004212530042532819
2024-12-04,0.000633159013206738
2024-12-05,-0.004833193854983524
2024-12-06,-0.000900646532952488
2024-12-09,-0.009248995143325485
2024-12-10,-0.007787703625771532
2024-12-11,0.007623809965809618
2024-12-12,-0.004218655517450814
2024-12-13,-0.001728334862949449
2024-12-16,-0.0013919832549436884
2024-12-17,-0.009271543306567208
2024-12-18,-0.03023092937337938
2024-12-19,-0.0047017459367620675
2024-12-20,0.014806289676083969
2024-12-23,0.004235096753622478
2024-12-24,0.008471412098845565
2024-12-26,0.0021934421103291086
2024-12-27,-0.00873090902160065
2024-12-30,-0.009968250958602414
2024-12-31,-0.0010745575718654418
2025-01-02,-0.003338079950192694
2025-01-03,0.012403047499966147
2025-01-06,0.000978525810578245
2025-01-07,-0.0047831562343454
2025-01-08,0.0007996477867682788
2025-01-10,-0.010732758603061093
2025-01-13,0.008600077701533083
2025-01-14,0.008270471561304567
2025-01-15,0.010949063507981248
2025-01-16,0.008972806238213768
2025-01-17,0.004293716554784282
2025-01-21,0.017482954781079953
2025-01-22,-0.002648214175689085
2025-01-23,0.0013379373381535726
2025-01-24,0.0005105204588587394
2025-01-27,-0.018804686426416285
2025-01-28,-0.004096440571648294
2025-01-29,-0.0005355889721151798
2025-01-30,0.014312535158339457
2025-01-31,-0.004852874796833968
2025-02-03,-0.007120673350788357
2025-02-04,0.0035918872643824753
2025-02-05,0.004508048355973645
2025-02-06,0.011414289397072834
2025-02-07,-0.00882433656792384
2025-02-10,0.00011933405092148211
2025-02-11,0.0007868432399512232
2025-02-12,-0.006160175801344521
2025-02-13,0.005280217355060733
2025-02-14,-0.0037748558569048593
2025-02-18,0.007160148427416531
2025-02-19,0.0048514989642120055
2025-02-20,-0.007481919517770339
2025-02-21,-0.018553262308693905
2025-02-24,-0.00422334996966922
2025-02-25,0.0024254841279883438
2025-02-26,0.006184211823478421
2025-02-27,-0.012630768026803659
2025-02-28,0.013619997847218434
2025-03-03,-0.01460762422979751
2025-03-04,-0.017944138188043315
2025-03-05,0.011420367423124307
2025-03-06,-0.017000104270705932
2025-03-07,0.003557383791339772
2025-03-10,-0.022921449069582614
2025-03-11,-0.005957691799064844
2025-03-12,0.0015516205766634569
2025-03-13,-0.012414748360090619
2025-03-14,0.023813044566794412
2025-03-17,0.010929908056850318
2025-03-18,-0.006962197759407648
2025-03-19,0.013074451266296383
2025-03-20,-0.002407749639705062
2025-03-21,-0.0042098092354117015
2025-03-24,0.021181397793030167
2025-03-25,-0.001558744656725704
2025-03-26,-0.009968270090845341
2025-03-27,-0.005573792133021953
2025-03-28,-0.016783432381945834
2025-03-31,0.008009543002746726
2025-04-01,0.005085425136037911
2025-04-02,0.010107020352602214
2025-04-03,-0.05223171728105906
2025-04-04,-0.06028352337603201
2025-04-07,-0.004504018074963878
2025-04-08,-0.01520107656978222
2025-04-09,0.08117330437697826
2025-04-10,-0.032593089343221686
2025-04-11,0.012759270044887656
2025-04-14,0.01340195854610424
2025-04-15,-0.0024597335113511667
2025-04-16,-0.016086311322050996
2025-04-17,0.011947468341749964
2025-04-21,-0.021606115016555193
2025-04-22,0.023198983291637883
2025-04-23,0.013168653521158721
2025-04-24,0.025706179815125345
2025-04-25,1.5156651226700748e-05
2025-04-28,0.0027277585917125447
2025-04-29,0.004778936091702325
2025-04-30,0.005080455939309736
2025-05-01,-0.0011456484142890297
2025-05-02,0.017557952614616998
2025-05-05,-0.0025575391076647722
2025-05-06,-0.00990288408881662
2025-05-07,0.006029216052583821
2025-05-08,0.006592088301020777
2025-05-09,-0.000509466478048091
2025-05-12,0.030797831053036646
2025-05-13,0.004716620693142273
2025-05-14,-0.008203266443232556
2025-05-15,0.007801907541274404
2025-05-16,0.009340892983806606
2025-05-19,-0.00010759823982927849
2025-05-20,-0.0022355631093036164
2025-05-21,-0.019947712776006186
2025-05-22,-0.0050371086461516
2025-05-23,-0.002939296539730752
2025-05-27,0.02192264076845289
2025-05-28,-0.008062748960145758
2025-05-29,0.0018025509932708859
2025-05-30,0.0022700145549969255
2025-06-02,0.0009514310026226928
2025-06-03,0.008093355028505769
2025-06-04,-0.0014786243251278485
2025-06-05,0.00022752627514302046
2025-06-06,0.010013580335612901
2025-06-09,5.1087406115846085e-05
2025-06-10,0.006523523686680719
2025-06-11,0.001657879772379455
2025-06-12,0.0029688824079369793
2025-06-13,-0.012717466437691383
2025-06-16,0.011370121005177149
2025-06-17,-0.008249857177502356
2025-06-18,-0.00019320271210237315
2025-06-20,-0.00024739928066388274
2025-06-23,0.009135332349944828
2025-06-24,0.012027593964068148
2025-06-25,-0.00552289497592315
2025-06-26,0.01057978261764808
2025-06-27,0.004327764273922968
2025-06-30,0.004193711371098366
2025-07-01,0.005108155237543929
2025-07-02,0.003312346471104029
2025-07-03,0.009443601098143415
2025-07-07,-0.004496227134785687
2025-07-08,0.0003255821432010177
2025-07-09,0.005162102125210218
2025-07-10,0.00582215638158105
2025-07-11,-0.0015522485880151418
2025-07-14,0.004387020406683092
2025-07-15,-0.010326636785590463
2025-07-16,0.003729837194733097
2025-07-17,0.007643008510532835
2025-07-18,0.0028707812290704065
2025-07-21,-0.0013395906261494614
2025-07-22,0.0026956967460833588
2025-07-23,0.011231659074136976
2025-07-24,0.0015446116784294615
2025-07-25,0.0067961754792320046
2025-07-28,-0.001717662396786975
2025-07-29,-0.006405087488663251
2025-07-30,-0.0036075014015999416
2025-07-31,-0.012534881455998835
2025-08-01,-0.009690888761346349
2025-08-04,0.015118821255320262
2025-08-05,-0.007360764349577836
2025-08-06,0.0013551233501300677
2025-08-07,-0.008112852258091136
2025-08-08,0.0033800822655689583
2025-08-11,-0.0031616680918742546
2025-08-12,0.016583135057733726
2025-08-13,0.008875835748760353
2025-08-14,-0.013490382480464832
2025-08-15,-0.004006337946642087
2025-08-18,-0.00033306309667899384
2025-08-19,0.001969092481686263
2025-08-20,0.000679518549376172
2025-08-21,-0.0018524320763551397
2025-08-22,0.013843273329010574
2025-08-25,-0.00594806723049462
2025-08-26,0.008047297014482785
2025-08-27,0.0018012745684056176
2025-08-28,0.0030385969045937035
2025-08-29,-0.0058979876743669194
2025-09-02,-0.0042736247874184796
2025-09-03,9.05157185009118e-05
2025-09-04,0.010160506304049277
2025-09-05,-0.00199483793133938
2025-09-08,0.0015028898776204944
2025-09-09,-0.0024811782279742815
2025-09-10,0.006124755451347441
2025-09-11,0.012184636359798683
2025-09-12,-0.006177115505972469
2025-09-15,0.004745591486590768
2025-09-16,-0.0025381259456104797
2025-09-17,0.0002689051573841376
2025-09-18,0.011963874545713057
2025-09-19,-0.0015379649914457564
2025-09-22,0.0022526882758110065
2025-09-23,0.0015687074731616465
2025-09-24,-0.0002906897862200099
2025-09-25,-0.00969236234917904
2025-09-26,0.011158070077353918
2025-09-29,0.0029411584666255387
2025-09-30,0.00483752942295545
2025-10-01,0.008884560272573554
2025-10-02,0.0043197273162303975
2025-10-03,0.0005688050306281178
2025-10-06,0.004832777111838332
2025-10-07,-0.009201563666082916
2025-10-08,0.005259543118214291
2025-10-09,-0.010799019634508359
2025-10-10,-0.026656947595211544
2025-10-13,0.016240521548994184
2025-10-14,0.009349141581075863
2025-10-15,0.004466989381434922
2025-10-16,-0.0111804114186813
2025-10-17,0.0027244063677699906
2025-10-20,0.010483162723717075
2025-10-21,0.004826531982421161
2025-10-22,-0.009971866597899424
2025-10-23,0.00439875331415536
2025-10-24,0.005801797381250024
2025-10-27,0.003754265326996079
2025-10-28,-0.010267922954250526
2025-10-29,-0.002855111570814912
2025-10-30,-0.0017770124646745062
2025-10-31,-0.0004991279923189139
2025-11-03,5.554234689539305e-05
2025-11-04,-0.007824803013522735
2025-11-05,0.011260077473516724
2025-11-06,-0.008276814795369826
2025-11-07,0.008111051601551499
2025-11-10,0.012156517809946019
2025-11-11,-0.0022404073618379487
2025-11-12,0.005999467138740322
2025-11-13,-0.016553359030849975
2025-11-14,-0.004314417656472971
2025-11-17,-0.0122922676397717
2025-11-18,0.0030535516873994705
2025-11-19,0.005301666749158466
2025-11-20,-0.015934564306347435
2025-11-21,0.019486703585366364
2025-11-24,0.00957527595789154
2025-11-25,0.014894841738088747
2025-11-26,0.0075014617154556314
2025-11-28,0.002140224822309152
2025-12-01,-0.007177376913130899
2025-12-02,0.0013552274604807107
2025-12-03,0.007587354085538892
2025-12-04,6.639192103415917e-06
2025-12-05,0.002822059799487139
2025-12-08,-0.004465397915806448
2025-12-09,0.0005010078798422332
2025-12-10,0.011693183980186655
2025-12-11,0.010767028600399273
2025-12-12,-0.010603588593496121
2025-12-15,0.004050296619270987
2025-12-16,-0.004984035104273353
2025-12-17,-0.011819559398000347
2025-12-18,0.009034116587784925
2025-12-19,0.006698697036066574
2025-12-22,0.0108132249198802
2025-12-23,0.00022109944275224724
2025-12-24,0.0038435668212029608
2025-12-26,0.0009649445298163032
2025-12-29,-0.004378263326823587
2025-12-30,-0.002729608811074128
2025-12-31,-0.009872751472696091
2026-01-02,0.016174859478265594
2026-01-05,0.009034407105171787
2026-01-06,0.015868915047000737
2026-01-07,-0.007609203437764566
2026-01-08,0.0035847686551547975
2026-01-09,0.00856970943603891
2026-01-12,0.0016267620781059678
2026-01-13,0.0006758320158761251
2026-01-14,-0.003604522123636493
2026-01-15,0.008623087521828516
2026-01-16,0.0035537283704687086
2026-01-20,-0.01543886905710434
2026-01-21,0.018716676478956463
2026-01-22,-0.0024252639064668994
2026-01-23,-0.006191640977540324
2026-01-26,0.0022779910373703677
2026-01-27,0.006827558312983421
2026-01-28,-0.0030146554299478284
2026-01-29,0.002215169695324292
2026-01-30,-0.013980841960625543
2026-02-02,0.007585830931160304
2026-02-03,-0.0040423782380252455
2026-02-04,0.007370614658009597
2026-02-05,0.0003535042397443803
2026-02-06,0.03137582588146475
2026-02-09,-0.001600046366790276
2026-02-10,-0.0033374212816059947
2026-02-11,0.0069139242576408055
2026-02-12,-0.008253679884175896
2026-02-13,0.007588725745221468
2026-02-17,-0.001525390419763957
2026-02-18,0.002192329009944156
2026-02-19,0.0009415467485937526
2026-02-20,0.007937153731739005
2026-02-23,-0.011007365120972033
2026-02-24,0.010483773699918854
2026-02-25,0.002211714427450114
2026-02-26,0.003917368971687588
2026-02-27,-0.006434484235280466
2026-03-02,-0.0009356060572682112
2026-03-03,-0.016820917633673264
2026-03-04,0.00833045248609453
2026-03-05,-0.016654192354594508
2026-03-06,-0.017939030858096408
2026-03-09,0.012042774172148529
2026-03-10,-0.0017427634197930144
2026-03-11,-0.003639483598049364
2026-03-12,-0.017789632477074914
2026-03-13,-0.0029729809306335868
2026-03-16,0.009104533335046648
2026-03-17,0.004257979696745931
2026-03-18,-0.011757450071555837
2026-03-19,0.006966104902636668
2026-03-20,-0.01153573322366115
2026-03-23,0.013148569189608609
2026-03-24,0.006934360598173971
2026-03-25,0.0008008808595418513
2026-03-26,-0.021128547752758412
2026-03-27,-0.010678442631333447
2026-03-30,-0.009776160522232737
2026-03-31,0.025025900347373634
2026-04-01,0.01147431724906587
2026-04-02,-0.003708084089211349
2026-04-06,0.0070526145661974305
2026-04-07,-0.0033488562493206985
2026-04-08,0.034975513856915365
2026-04-09,0.009214800867490621
2026-04-10,-0.005776397274488499
2026-04-13,0.009657901508657765
2026-04-14,0.0020966060959281894
2026-04-15,-0.006565872862347073
2026-04-16,-0.0006728264375404989
2026-04-17,0.019358019576204772
2026-04-20,0.0006496194336661421
2026-04-21,-0.006254301059949745
2026-04-22,0.003909809052285592
2026-04-23,0.015764629943023665
2026-04-24,0.0005496677444529844
2026-04-27,-0.00269613659177798
2026-04-28,-0.006781785536981303
2026-04-29,-0.005313057954395538
2026-04-30,0.03202821996840807
2026-05-01,-0.0029476243495851202
2026-05-04,-0.004651310786669391
2026-05-05,0.01081790470649264
2026-05-06,0.020320165164562757
2026-05-07,-0.02698525937197045
2026-05-08,0.003164742785303094
2026-05-11,0.005067574992957433
2026-05-12,-0.002781612027633034
2026-05-13,0.003980181141814977
2026-05-14,0.00513039758423572
2026-05-15,-0.012897148861492722
2026-05-18,-0.006109163813181677
2026-05-19,-0.006029821881420385
2026-05-20,0.012285135212410363
2026-05-21,0.0032989966867129927
2026-05-22,0.00964991853970799
2026-05-26,0.01484787675523648
2026-05-27,-0.0034707887807256216
2026-05-28,0.0025509560775603996
2026-05-29,-0.006692293422917304
2026-06-01,-0.012089309994751912
2026-06-02,0.011081599263558157
2026-06-03,0.008165822905430607
2026-06-04,0.009176068409829256
2026-06-05,-0.02204271713106877
2026-06-08,0.011399952553888783
2026-06-09,0.007745347044976598
2026-06-10,-0.018306309324630305
2026-06-11,0.03252038584906161
2026-06-12,0.013236731899109727
2026-06-15,0.01264679668819572
2026-06-16,-0.01059275982108808
2026-06-17,-0.011181556403139451
2026-06-18,0.00670187953548032
2026-06-22,0.017427398703719624
2026-06-23,-0.023746644211457536
2026-06-24,0.003891316616818405
2026-06-25,0.017727016663251254
2026-06-26,-0.009992624701267671
2026-06-29,0.01901931845010212
2026-06-30,0.012229041526080299
2026-07-01,-0.024278139693721792
2026-07-02,-0.014895048658236888
2026-07-06,0.002328511009119825
2026-07-07,-0.013382141302261548
2026-07-08,-0.004915778326317815
2026-07-09,0.009354319920626623
2026-07-10,0.0021289906849267346
2026-07-13,-0.011804472286607706
2026-07-14,0.004893023292428767
2026-07-15,-0.0031216487075776743
2026-07-16,0.0001655517242242404
2026-07-17,-0.00881151452529642
2026-07-20,-0.007922149964967162
2026-07-21,0.010791369519764117
2026-07-22,0.0009405740520933031
2026-07-23,0.0015253543408293333
2026-07-24,-0.0010818276344961187
